"DateTime","close"
"2016-02-02 00:00:00",995.5
"2016-02-03 00:00:00",980
"2016-02-04 00:00:00",977.65
"2016-02-05 00:00:00",974.9
"2016-02-08 00:00:00",959.65
"2016-02-09 00:00:00",956.75
"2016-02-10 00:00:00",965.4
"2016-02-11 00:00:00",924
"2016-02-12 00:00:00",904.85
"2016-02-15 00:00:00",944.4
"2016-02-16 00:00:00",929.25
"2016-02-17 00:00:00",956.1
"2016-02-18 00:00:00",937.15
"2016-02-19 00:00:00",943.5
"2016-02-22 00:00:00",963
"2016-02-23 00:00:00",943.9
"2016-02-24 00:00:00",955
"2016-02-25 00:00:00",942
"2016-02-26 00:00:00",953
"2016-02-29 00:00:00",965
"2016-03-01 00:00:00",984.25
"2016-03-02 00:00:00",1000
"2016-03-03 00:00:00",1010
"2016-03-04 00:00:00",1007.5
"2016-03-08 00:00:00",1023
"2016-03-09 00:00:00",1041.9
"2016-03-10 00:00:00",1009.15
"2016-03-11 00:00:00",1015.4
"2016-03-14 00:00:00",1019.75
"2016-03-15 00:00:00",1019.55
"2016-03-16 00:00:00",1024.4
"2016-03-17 00:00:00",1014.5
"2016-03-18 00:00:00",1028.3
"2016-03-21 00:00:00",1040
"2016-03-22 00:00:00",1049.35
"2016-03-23 00:00:00",1027.25
"2016-03-28 00:00:00",1022.5
"2016-03-29 00:00:00",1034
"2016-03-30 00:00:00",1047.4
"2016-03-31 00:00:00",1045
"2016-04-01 00:00:00",1035
"2016-04-04 00:00:00",1035.75
"2016-04-05 00:00:00",1027.3
"2016-04-06 00:00:00",1034.4
"2016-04-07 00:00:00",1034.8
"2016-04-08 00:00:00",1035
"2016-04-11 00:00:00",1039.2
"2016-04-12 00:00:00",1047.6
"2016-04-13 00:00:00",1064.6
"2016-04-18 00:00:00",1063.05
"2016-04-20 00:00:00",1037.15
"2016-04-21 00:00:00",1039.5
"2016-04-22 00:00:00",1040.5
"2016-04-25 00:00:00",1014.55
"2016-04-26 00:00:00",1014.3
"2016-04-27 00:00:00",1018.45
"2016-04-28 00:00:00",993.5
"2016-04-29 00:00:00",980.9
"2016-05-02 00:00:00",987
"2016-05-03 00:00:00",975
"2016-05-04 00:00:00",976
"2016-05-05 00:00:00",974.9
"2016-05-06 00:00:00",969.15
"2016-05-09 00:00:00",983.3
"2016-05-10 00:00:00",982.3
"2016-05-11 00:00:00",974.1
"2016-05-12 00:00:00",993
"2016-05-13 00:00:00",975.95
"2016-05-16 00:00:00",974.5
"2016-05-17 00:00:00",967.45
"2016-05-18 00:00:00",970.05
"2016-05-19 00:00:00",947.35
"2016-05-20 00:00:00",933.4
"2016-05-23 00:00:00",931.1
"2016-05-24 00:00:00",941
"2016-05-25 00:00:00",949.65
"2016-05-26 00:00:00",947.3
"2016-05-27 00:00:00",973.1
"2016-05-30 00:00:00",965.8
"2016-05-31 00:00:00",959
"2016-06-01 00:00:00",952.7
"2016-06-02 00:00:00",955.35
"2016-06-03 00:00:00",958.75
"2016-06-06 00:00:00",954.45
"2016-06-07 00:00:00",953.45
"2016-06-08 00:00:00",955.95
"2016-06-09 00:00:00",970
"2016-06-10 00:00:00",975.7
"2016-06-13 00:00:00",980
"2016-06-14 00:00:00",976.3
"2016-06-15 00:00:00",981.85
"2016-06-16 00:00:00",975.25
"2016-06-17 00:00:00",973
"2016-06-20 00:00:00",987.5
"2016-06-21 00:00:00",983.05
"2016-06-22 00:00:00",978
"2016-06-23 00:00:00",981
"2016-06-24 00:00:00",948.55
"2016-06-27 00:00:00",953.9
"2016-06-28 00:00:00",958
"2016-06-29 00:00:00",967
"2016-06-30 00:00:00",969
"2016-07-01 00:00:00",974.75
"2016-07-04 00:00:00",986.35
"2016-07-05 00:00:00",991.2
"2016-07-07 00:00:00",988.1
"2016-07-08 00:00:00",977.6
"2016-07-11 00:00:00",991.55
"2016-07-12 00:00:00",1003.4
"2016-07-13 00:00:00",1008
"2016-07-14 00:00:00",1004.2
"2016-07-15 00:00:00",1014.35
"2016-07-18 00:00:00",1002.9
"2016-07-19 00:00:00",1022.5
"2016-07-20 00:00:00",1022.75
"2016-07-21 00:00:00",1006.2
"2016-07-22 00:00:00",1015.9
"2016-07-25 00:00:00",1020.5
"2016-07-26 00:00:00",1022.25
"2016-07-27 00:00:00",1011.2
"2016-07-28 00:00:00",1024
"2016-07-29 00:00:00",1016.05
"2016-08-01 00:00:00",1009
"2016-08-02 00:00:00",1013
"2016-08-03 00:00:00",992.9
"2016-08-04 00:00:00",995.2
"2016-08-05 00:00:00",1018
"2016-08-08 00:00:00",1027.3
"2016-08-09 00:00:00",1029.9
"2016-08-10 00:00:00",1002.2
"2016-08-11 00:00:00",1014
"2016-08-12 00:00:00",1032.55
"2016-08-16 00:00:00",1023.65
"2016-08-17 00:00:00",1014
"2016-08-18 00:00:00",1018
"2016-08-19 00:00:00",1013.3
"2016-08-22 00:00:00",1010.05
"2016-08-23 00:00:00",1011.2
"2016-08-24 00:00:00",1021.25
"2016-08-25 00:00:00",1013.95
"2016-08-26 00:00:00",1026.6
"2016-08-29 00:00:00",1059.3
"2016-08-30 00:00:00",1064.75
"2016-08-31 00:00:00",1047.9
"2016-09-01 00:00:00",1028.05
"2016-09-02 00:00:00",1013
"2016-09-06 00:00:00",1021.7
"2016-09-07 00:00:00",1017
"2016-09-08 00:00:00",1034
"2016-09-09 00:00:00",1041.5
"2016-09-12 00:00:00",1046.95
"2016-09-14 00:00:00",1043
"2016-09-15 00:00:00",1064.8
"2016-09-16 00:00:00",1072.9
"2016-09-19 00:00:00",1083
"2016-09-20 00:00:00",1073.55
"2016-09-21 00:00:00",1070
"2016-09-22 00:00:00",1086.95
"2016-09-23 00:00:00",1101.6
"2016-09-26 00:00:00",1106.3
"2016-09-27 00:00:00",1110.9
"2016-09-28 00:00:00",1089
"2016-09-29 00:00:00",1074.55
"2016-09-30 00:00:00",1084.5
"2016-10-03 00:00:00",1090
"2016-10-04 00:00:00",1095
"2016-10-05 00:00:00",1090
"2016-10-06 00:00:00",1112
"2016-10-07 00:00:00",1106.95
"2016-10-10 00:00:00",1096
"2016-10-13 00:00:00",1058.5
"2016-10-14 00:00:00",1078.95
"2016-10-17 00:00:00",1060.4
"2016-10-18 00:00:00",1079.55
"2016-10-19 00:00:00",1087
"2016-10-20 00:00:00",1086.1
"2016-10-21 00:00:00",1065
"2016-10-24 00:00:00",1063.3
"2016-10-25 00:00:00",1063.5
"2016-10-26 00:00:00",1054.5
"2016-10-27 00:00:00",1050.5
"2016-10-28 00:00:00",1056
"2016-10-30 00:00:00",1049.55
"2016-11-01 00:00:00",1052
"2016-11-02 00:00:00",1026.4
"2016-11-03 00:00:00",1021.9
"2016-11-04 00:00:00",1006.55
"2016-11-07 00:00:00",1000
"2016-11-08 00:00:00",1003.9
"2016-11-09 00:00:00",1003
"2016-11-10 00:00:00",1008.05
"2016-11-11 00:00:00",998
"2016-11-15 00:00:00",982.85
"2016-11-16 00:00:00",982.05
"2016-11-17 00:00:00",977.05
"2016-11-18 00:00:00",986.4
"2016-11-21 00:00:00",993
"2016-11-22 00:00:00",1001.3
"2016-11-23 00:00:00",1007
"2016-11-24 00:00:00",992.4
"2016-11-25 00:00:00",993
"2016-11-28 00:00:00",986.5
"2016-11-29 00:00:00",997.95
"2016-11-30 00:00:00",988.15
"2016-12-01 00:00:00",996.5
"2016-12-02 00:00:00",995.6
"2016-12-05 00:00:00",993.05
"2016-12-06 00:00:00",1003.25
"2016-12-07 00:00:00",1001.85
"2016-12-08 00:00:00",1019.55
"2016-12-09 00:00:00",1028.95
"2016-12-12 00:00:00",1024.9
"2016-12-13 00:00:00",1039
"2016-12-14 00:00:00",1056.35
"2016-12-15 00:00:00",1051
"2016-12-16 00:00:00",1055.85
"2016-12-19 00:00:00",1060.55
"2016-12-20 00:00:00",1060
"2016-12-21 00:00:00",1063
"2016-12-22 00:00:00",1052
"2016-12-23 00:00:00",1059.9
"2016-12-26 00:00:00",1044.95
"2016-12-27 00:00:00",1064.85
"2016-12-28 00:00:00",1051.15
"2016-12-29 00:00:00",1064.05
"2016-12-30 00:00:00",1080.7
"2017-01-02 00:00:00",1086.7
"2017-01-03 00:00:00",1089
"2017-01-04 00:00:00",1067.15
"2017-01-05 00:00:00",1077
"2017-01-06 00:00:00",1073.95
"2017-01-09 00:00:00",1078
"2017-01-10 00:00:00",1088
"2017-01-11 00:00:00",1084.8
"2017-01-12 00:00:00",1080.45
"2017-01-13 00:00:00",1089.95
"2017-01-16 00:00:00",1076.7
"2017-01-17 00:00:00",1040
"2017-01-18 00:00:00",1031.95
"2017-01-19 00:00:00",1032.45
"2017-01-20 00:00:00",1025.7
"2017-01-23 00:00:00",1018.4
"2017-01-24 00:00:00",1027.9
"2017-01-25 00:00:00",1018.05
"2017-01-27 00:00:00",1028.15
"2017-01-30 00:00:00",1044.95
"2017-01-31 00:00:00",1045
"2017-02-01 00:00:00",1050
"2017-02-02 00:00:00",1045.55
"2017-02-03 00:00:00",1033.45
"2017-02-06 00:00:00",1040.7
"2017-02-07 00:00:00",1031.95
"2017-02-08 00:00:00",1022.7
"2017-02-09 00:00:00",1032.45
"2017-02-10 00:00:00",1030
"2017-02-13 00:00:00",1030
"2017-02-14 00:00:00",1048.1
"2017-02-15 00:00:00",1050.35
"2017-02-16 00:00:00",1065.95
"2017-02-17 00:00:00",1070.7
"2017-02-20 00:00:00",1075
"2017-02-21 00:00:00",1088.1
"2017-02-22 00:00:00",1209.8
"2017-02-23 00:00:00",1186.8
"2017-02-27 00:00:00",1237.55
"2017-02-28 00:00:00",1237.65
"2017-03-01 00:00:00",1231.55
"2017-03-02 00:00:00",1234.95
"2017-03-03 00:00:00",1258.6
"2017-03-06 00:00:00",1308
"2017-03-07 00:00:00",1306.35
"2017-03-08 00:00:00",1288.15
"2017-03-09 00:00:00",1285.4
"2017-03-10 00:00:00",1279.1
"2017-03-14 00:00:00",1288.25
"2017-03-15 00:00:00",1302
"2017-03-16 00:00:00",1296.8
"2017-03-17 00:00:00",1300.55
"2017-03-20 00:00:00",1280.95
"2017-03-21 00:00:00",1265.2
"2017-03-22 00:00:00",1260.45
"2017-03-23 00:00:00",1272
"2017-03-24 00:00:00",1284
"2017-03-27 00:00:00",1248.5
"2017-03-28 00:00:00",1246.3
"2017-03-29 00:00:00",1259.2
"2017-03-30 00:00:00",1267.6
"2017-03-31 00:00:00",1320.6
"2017-04-03 00:00:00",1373.25
"2017-04-05 00:00:00",1415.05
"2017-04-06 00:00:00",1434
"2017-04-07 00:00:00",1405.25
"2017-04-10 00:00:00",1384.75
"2017-04-11 00:00:00",1375.7
"2017-04-12 00:00:00",1355
"2017-04-13 00:00:00",1365.8
"2017-04-17 00:00:00",1391.45
"2017-04-18 00:00:00",1369
"2017-04-19 00:00:00",1369.95
"2017-04-20 00:00:00",1370.45
"2017-04-21 00:00:00",1405
"2017-04-24 00:00:00",1417.85
"2017-04-25 00:00:00",1431
"2017-04-26 00:00:00",1416.5
"2017-04-27 00:00:00",1409
"2017-04-28 00:00:00",1394.25
"2017-05-02 00:00:00",1372
"2017-05-03 00:00:00",1370.2
"2017-05-04 00:00:00",1361.6
"2017-05-05 00:00:00",1328.4
"2017-05-08 00:00:00",1320.1
"2017-05-09 00:00:00",1330
"2017-05-10 00:00:00",1359.2
"2017-05-11 00:00:00",1357
"2017-05-12 00:00:00",1349.9
"2017-05-15 00:00:00",1343.6
"2017-05-16 00:00:00",1356.2
"2017-05-17 00:00:00",1350
"2017-05-18 00:00:00",1327.45
"2017-05-19 00:00:00",1318.2
"2017-05-22 00:00:00",1326
"2017-05-23 00:00:00",1304.55
"2017-05-24 00:00:00",1299
"2017-05-25 00:00:00",1301.5
"2017-05-26 00:00:00",1339
"2017-05-29 00:00:00",1355.25
"2017-05-30 00:00:00",1360
"2017-05-31 00:00:00",1340
"2017-06-01 00:00:00",1329.85
"2017-06-02 00:00:00",1322.9
"2017-06-05 00:00:00",1330
"2017-06-06 00:00:00",1312.5
"2017-06-07 00:00:00",1339
"2017-06-08 00:00:00",1333.9
"2017-06-09 00:00:00",1332.95
"2017-06-12 00:00:00",1319
"2017-06-13 00:00:00",1312
"2017-06-14 00:00:00",1360
"2017-06-15 00:00:00",1377.35
"2017-06-16 00:00:00",1387.1
"2017-06-19 00:00:00",1407
"2017-06-20 00:00:00",1411.05
"2017-06-21 00:00:00",1427.75
"2017-06-22 00:00:00",1434.8
"2017-06-23 00:00:00",1432.1
"2017-06-27 00:00:00",1439.05
"2017-06-28 00:00:00",1399.8
"2017-06-29 00:00:00",1392.35
"2017-06-30 00:00:00",1383
"2017-07-03 00:00:00",1384
"2017-07-04 00:00:00",1422
"2017-07-05 00:00:00",1440.05
"2017-07-06 00:00:00",1442
"2017-07-07 00:00:00",1489.5
"2017-07-10 00:00:00",1491
"2017-07-11 00:00:00",1496.5
"2017-07-12 00:00:00",1511.25
"2017-07-13 00:00:00",1518.6
"2017-07-14 00:00:00",1533
"2017-07-17 00:00:00",1548.7
"2017-07-18 00:00:00",1520.5
"2017-07-19 00:00:00",1538
"2017-07-20 00:00:00",1526.1
"2017-07-21 00:00:00",1584
"2017-07-24 00:00:00",1619
"2017-07-25 00:00:00",1602.5
"2017-07-26 00:00:00",1621.15
"2017-07-27 00:00:00",1592.8
"2017-07-28 00:00:00",1594
"2017-07-31 00:00:00",1615.45
"2017-08-01 00:00:00",1605.8
"2017-08-02 00:00:00",1625.1
"2017-08-03 00:00:00",1654
"2017-08-04 00:00:00",1626.5
"2017-08-07 00:00:00",1618
"2017-08-08 00:00:00",1604.6
"2017-08-09 00:00:00",1595
"2017-08-10 00:00:00",1593.75
"2017-08-11 00:00:00",1545.5
"2017-08-14 00:00:00",1572.2
"2017-08-16 00:00:00",1576
"2017-08-17 00:00:00",1563
"2017-08-18 00:00:00",1576.25
"2017-08-21 00:00:00",1564.3
"2017-08-22 00:00:00",1560.1
"2017-08-23 00:00:00",1582.55
"2017-08-24 00:00:00",1570
"2017-08-28 00:00:00",1564.75
"2017-08-29 00:00:00",1532.05
"2017-08-30 00:00:00",1563.5
"2017-08-31 00:00:00",1595.4
"2017-09-01 00:00:00",1611.95
"2017-09-04 00:00:00",1615
"2017-09-05 00:00:00",1632.15
"2017-09-06 00:00:00",1644
"2017-09-07 00:00:00",816.6
"2017-09-08 00:00:00",816.95
"2017-09-11 00:00:00",819.5
"2017-09-12 00:00:00",824.5
"2017-09-13 00:00:00",853.4
"2017-09-14 00:00:00",844.2
"2017-09-15 00:00:00",842
"2017-09-18 00:00:00",845.2
"2017-09-19 00:00:00",839
"2017-09-20 00:00:00",848
"2017-09-21 00:00:00",842.95
"2017-09-22 00:00:00",816.95
"2017-09-25 00:00:00",821
"2017-09-26 00:00:00",819.2
"2017-09-27 00:00:00",798.4
"2017-09-28 00:00:00",786.25
"2017-09-29 00:00:00",781.2
"2017-10-03 00:00:00",799
"2017-10-04 00:00:00",824
"2017-10-05 00:00:00",824
"2017-10-06 00:00:00",838.2
"2017-10-09 00:00:00",829.25
"2017-10-10 00:00:00",842.25
"2017-10-11 00:00:00",839
"2017-10-12 00:00:00",875.6
"2017-10-13 00:00:00",877.35
"2017-10-16 00:00:00",877.5
"2017-10-17 00:00:00",874.8
"2017-10-18 00:00:00",916.4
"2017-10-19 00:00:00",904
"2017-10-23 00:00:00",940.1
"2017-10-24 00:00:00",936.2
"2017-10-25 00:00:00",939.3
"2017-10-26 00:00:00",945.3
"2017-10-27 00:00:00",930.95
"2017-10-30 00:00:00",945.35
"2017-10-31 00:00:00",944.05
"2017-11-01 00:00:00",952.35
"2017-11-02 00:00:00",946.8
"2017-11-03 00:00:00",945.95
"2017-11-06 00:00:00",931.35
"2017-11-07 00:00:00",906.5
"2017-11-08 00:00:00",889.5
"2017-11-09 00:00:00",902.9
"2017-11-10 00:00:00",884.9
"2017-11-13 00:00:00",874.9
"2017-11-14 00:00:00",887.5
"2017-11-15 00:00:00",883.25
"2017-11-16 00:00:00",905.25
"2017-11-17 00:00:00",913
"2017-11-20 00:00:00",919
"2017-11-21 00:00:00",932.05
"2017-11-22 00:00:00",934.1
"2017-11-23 00:00:00",949.7
"2017-11-24 00:00:00",951.25
"2017-11-27 00:00:00",952.5
"2017-11-28 00:00:00",942.4
"2017-11-29 00:00:00",943.45
"2017-11-30 00:00:00",922.5
"2017-12-01 00:00:00",909.5
"2017-12-04 00:00:00",902.6
"2017-12-05 00:00:00",914.3
"2017-12-06 00:00:00",929
"2017-12-07 00:00:00",932.45
"2017-12-08 00:00:00",921.3
"2017-12-11 00:00:00",916.5
"2017-12-12 00:00:00",917.75
"2017-12-13 00:00:00",914.75
"2017-12-14 00:00:00",924
"2017-12-15 00:00:00",921
"2017-12-18 00:00:00",922.45
"2017-12-19 00:00:00",926.85
"2017-12-20 00:00:00",918.75
"2017-12-21 00:00:00",913
"2017-12-22 00:00:00",919.8
"2017-12-26 00:00:00",936
"2017-12-27 00:00:00",923.25
"2017-12-28 00:00:00",922.6
"2017-12-29 00:00:00",920.1
"2018-01-01 00:00:00",909.5
"2018-01-02 00:00:00",911.5
"2018-01-03 00:00:00",915.5
"2018-01-04 00:00:00",920.5
"2018-01-05 00:00:00",923
"2018-01-08 00:00:00",926.6
"2018-01-09 00:00:00",940
"2018-01-10 00:00:00",941.5
"2018-01-11 00:00:00",936.9
"2018-01-12 00:00:00",946.6
"2018-01-15 00:00:00",947.6
"2018-01-16 00:00:00",923.8
"2018-01-17 00:00:00",924.1
"2018-01-18 00:00:00",922
"2018-01-19 00:00:00",934.2
"2018-01-22 00:00:00",970.2
"2018-01-23 00:00:00",982.05
"2018-01-24 00:00:00",967.95
"2018-01-25 00:00:00",963.95
"2018-01-29 00:00:00",963.7
"2018-01-30 00:00:00",950
"2018-01-31 00:00:00",962
"2018-02-01 00:00:00",945
"2018-02-02 00:00:00",901.9
"2018-02-05 00:00:00",907
"2018-02-06 00:00:00",893.4
"2018-02-07 00:00:00",892.45
"2018-02-08 00:00:00",906.2
"2018-02-09 00:00:00",899.95
"2018-02-12 00:00:00",914
"2018-02-14 00:00:00",929
"2018-02-15 00:00:00",936.1
"2018-02-16 00:00:00",920.45
"2018-02-19 00:00:00",928.3
"2018-02-20 00:00:00",919.9
"2018-02-21 00:00:00",929
"2018-02-22 00:00:00",921
"2018-02-23 00:00:00",934
"2018-02-26 00:00:00",938.75
"2018-02-27 00:00:00",951.5
"2018-02-28 00:00:00",951
"2018-03-01 00:00:00",948.05
"2018-03-05 00:00:00",922.65
"2018-03-06 00:00:00",908.65
"2018-03-07 00:00:00",892.4
"2018-03-08 00:00:00",911
"2018-03-09 00:00:00",915
"2018-03-12 00:00:00",931.95
"2018-03-13 00:00:00",934
"2018-03-14 00:00:00",931.55
"2018-03-15 00:00:00",911
"2018-03-16 00:00:00",904
"2018-03-19 00:00:00",895
"2018-03-20 00:00:00",892
"2018-03-21 00:00:00",896
"2018-03-22 00:00:00",908.9
"2018-03-23 00:00:00",892.5
"2018-03-26 00:00:00",901.5
"2018-03-27 00:00:00",898.3
"2018-03-28 00:00:00",881.6
"2018-04-02 00:00:00",892.95
"2018-04-03 00:00:00",901
"2018-04-04 00:00:00",893.25
"2018-04-05 00:00:00",908
"2018-04-06 00:00:00",911.95
"2018-04-09 00:00:00",915
"2018-04-10 00:00:00",915.5
"2018-04-11 00:00:00",931.75
"2018-04-12 00:00:00",927.1
"2018-04-13 00:00:00",939.85
"2018-04-16 00:00:00",938.1
"2018-04-17 00:00:00",945
"2018-04-18 00:00:00",937.7
"2018-04-19 00:00:00",942
"2018-04-20 00:00:00",930
"2018-04-23 00:00:00",935
"2018-04-24 00:00:00",971.6
"2018-04-25 00:00:00",972
"2018-04-26 00:00:00",973.15
"2018-04-27 00:00:00",996.5
"2018-04-30 00:00:00",963.5
"2018-05-02 00:00:00",974.8
"2018-05-03 00:00:00",962
"2018-05-04 00:00:00",953.6
"2018-05-07 00:00:00",971.9
"2018-05-08 00:00:00",966
"2018-05-09 00:00:00",976.2
"2018-05-10 00:00:00",979.15
"2018-05-11 00:00:00",986
"2018-05-14 00:00:00",984.95
"2018-05-15 00:00:00",978.55
"2018-05-16 00:00:00",954.4
"2018-05-17 00:00:00",944
"2018-05-18 00:00:00",934.5
"2018-05-21 00:00:00",934.8
"2018-05-22 00:00:00",927.1
"2018-05-23 00:00:00",913.8
"2018-05-24 00:00:00",917.95
"2018-05-25 00:00:00",922
"2018-05-28 00:00:00",919.95
"2018-05-29 00:00:00",916.9
"2018-05-30 00:00:00",915.8
"2018-05-31 00:00:00",920.3
"2018-06-01 00:00:00",928.6
"2018-06-04 00:00:00",941.5
"2018-06-05 00:00:00",948.9
"2018-06-06 00:00:00",954
"2018-06-07 00:00:00",970.85
"2018-06-08 00:00:00",983.1
"2018-06-11 00:00:00",980.05
"2018-06-12 00:00:00",999.4
"2018-06-13 00:00:00",1002.5
"2018-06-14 00:00:00",1007
"2018-06-15 00:00:00",1012.45
"2018-06-18 00:00:00",1014.1
"2018-06-19 00:00:00",995.6
"2018-06-20 00:00:00",1019.2
"2018-06-21 00:00:00",1031.6
"2018-06-22 00:00:00",1011.65
"2018-06-25 00:00:00",1005
"2018-06-26 00:00:00",978.3
"2018-06-27 00:00:00",963.7
"2018-06-28 00:00:00",948
"2018-06-29 00:00:00",973.2
"2018-07-02 00:00:00",960.05
"2018-07-03 00:00:00",972.2
"2018-07-04 00:00:00",991
"2018-07-05 00:00:00",964.65
"2018-07-06 00:00:00",977.5
"2018-07-09 00:00:00",996
"2018-07-10 00:00:00",1027.5
"2018-07-11 00:00:00",1040
"2018-07-12 00:00:00",1080.9
"2018-07-13 00:00:00",1101
"2018-07-16 00:00:00",1078.65
"2018-07-17 00:00:00",1094
"2018-07-18 00:00:00",1093.3
"2018-07-19 00:00:00",1114.35
"2018-07-20 00:00:00",1127.65
"2018-07-23 00:00:00",1120.5
"2018-07-24 00:00:00",1111
"2018-07-25 00:00:00",1112.65
"2018-07-26 00:00:00",1112.1
"2018-07-27 00:00:00",1128
"2018-07-30 00:00:00",1152
"2018-07-31 00:00:00",1184.15
"2018-08-01 00:00:00",1188.7
"2018-08-02 00:00:00",1169.1
"2018-08-03 00:00:00",1175.4
"2018-08-06 00:00:00",1194.45
"2018-08-07 00:00:00",1184.7
"2018-08-08 00:00:00",1220.8
"2018-08-09 00:00:00",1218.5
"2018-08-10 00:00:00",1204
"2018-08-13 00:00:00",1189.5
"2018-08-14 00:00:00",1211.9
"2018-08-16 00:00:00",1200
"2018-08-17 00:00:00",1202.65
"2018-08-20 00:00:00",1235.15
"2018-08-21 00:00:00",1246.7
"2018-08-23 00:00:00",1266.9
"2018-08-24 00:00:00",1277
"2018-08-27 00:00:00",1292
"2018-08-28 00:00:00",1322.5
"2018-08-29 00:00:00",1293.9
"2018-08-30 00:00:00",1277
"2018-08-31 00:00:00",1238.95
"2018-09-03 00:00:00",1228.1
"2018-09-04 00:00:00",1245.3
"2018-09-05 00:00:00",1226
"2018-09-06 00:00:00",1261
"2018-09-07 00:00:00",1277.05
"2018-09-10 00:00:00",1254.4
"2018-09-11 00:00:00",1236.5
"2018-09-12 00:00:00",1251.1
"2018-09-14 00:00:00",1252.55
"2018-09-17 00:00:00",1224
"2018-09-18 00:00:00",1215.4
"2018-09-19 00:00:00",1212.95
"2018-09-21 00:00:00",1216.2
"2018-09-24 00:00:00",1234.55
"2018-09-25 00:00:00",1229.75
"2018-09-26 00:00:00",1253.5
"2018-09-27 00:00:00",1252.05
"2018-09-28 00:00:00",1254.35
"2018-10-01 00:00:00",1235.6
"2018-10-03 00:00:00",1201.2
"2018-10-04 00:00:00",1108.5
"2018-10-05 00:00:00",1049
"2018-10-08 00:00:00",1110
"2018-10-09 00:00:00",1083
"2018-10-10 00:00:00",1103
"2018-10-11 00:00:00",1090
"2018-10-12 00:00:00",1125.5
"2018-10-15 00:00:00",1137.75
"2018-10-16 00:00:00",1166
"2018-10-17 00:00:00",1151
"2018-10-19 00:00:00",1100.3
"2018-10-22 00:00:00",1063.2
"2018-10-23 00:00:00",1061.7
"2018-10-24 00:00:00",1049
"2018-10-25 00:00:00",1037.8
"2018-10-26 00:00:00",1042.45
"2018-10-29 00:00:00",1089
"2018-10-30 00:00:00",1056.9
"2018-10-31 00:00:00",1058.2
"2018-11-01 00:00:00",1055
"2018-11-02 00:00:00",1074
"2018-11-05 00:00:00",1092
"2018-11-06 00:00:00",1101.75
"2018-11-07 00:00:00",1111.4
"2018-11-09 00:00:00",1093
"2018-11-12 00:00:00",1076
"2018-11-13 00:00:00",1097.85
"2018-11-14 00:00:00",1099
"2018-11-15 00:00:00",1094.7
"2018-11-16 00:00:00",1125
"2018-11-19 00:00:00",1149.65
"2018-11-20 00:00:00",1137
"2018-11-21 00:00:00",1113.25
"2018-11-22 00:00:00",1100.1
"2018-11-26 00:00:00",1109.75
"2018-11-27 00:00:00",1128.6
"2018-11-28 00:00:00",1151.45
"2018-11-29 00:00:00",1167.8
"2018-11-30 00:00:00",1167.1
"2018-12-03 00:00:00",1158
"2018-12-04 00:00:00",1153.1
"2018-12-05 00:00:00",1158.15
"2018-12-06 00:00:00",1119.05
"2018-12-07 00:00:00",1133.2
"2018-12-10 00:00:00",1085
"2018-12-11 00:00:00",1098
"2018-12-12 00:00:00",1110.9
"2018-12-13 00:00:00",1105.75
"2018-12-14 00:00:00",1110
"2018-12-17 00:00:00",1131.65
"2018-12-18 00:00:00",1137.75
"2018-12-19 00:00:00",1134.85
"2018-12-20 00:00:00",1129.9
"2018-12-21 00:00:00",1098
"2018-12-24 00:00:00",1089.3
"2018-12-26 00:00:00",1099.7
"2018-12-27 00:00:00",1118.1
"2018-12-28 00:00:00",1125.65
"2018-12-31 00:00:00",1125.25
"2019-01-01 00:00:00",1120.5
"2019-01-02 00:00:00",1104.35
"2019-01-03 00:00:00",1090.3
"2019-01-04 00:00:00",1099.6
"2019-01-07 00:00:00",1104.9
"2019-01-08 00:00:00",1101
"2019-01-09 00:00:00",1109.25
"2019-01-10 00:00:00",1107.6
"2019-01-11 00:00:00",1095.5
"2019-01-14 00:00:00",1099
"2019-01-15 00:00:00",1130.95
"2019-01-16 00:00:00",1136.5
"2019-01-17 00:00:00",1133
"2019-01-18 00:00:00",1185.8
"2019-01-21 00:00:00",1235
"2019-01-22 00:00:00",1232
"2019-01-23 00:00:00",1224.45
"2019-01-24 00:00:00",1249
"2019-01-25 00:00:00",1247.1
"2019-01-28 00:00:00",1230.5
"2019-01-29 00:00:00",1214.9
"2019-01-30 00:00:00",1195.75
"2019-01-31 00:00:00",1225.2
"2019-02-01 00:00:00",1253.1
"2019-02-04 00:00:00",1289.5
"2019-02-05 00:00:00",1288
"2019-02-06 00:00:00",1310.55
"2019-02-07 00:00:00",1288
"2019-02-08 00:00:00",1277.8
"2019-02-11 00:00:00",1254.5
"2019-02-12 00:00:00",1255.5
"2019-02-13 00:00:00",1238.3
"2019-02-14 00:00:00",1229.1
"2019-02-15 00:00:00",1248.1
"2019-02-18 00:00:00",1215.65
"2019-02-19 00:00:00",1215.6
"2019-02-20 00:00:00",1235.55
"2019-02-21 00:00:00",1247.3
"2019-02-22 00:00:00",1231.7
"2019-02-25 00:00:00",1231.3
"2019-02-26 00:00:00",1220.2
"2019-02-27 00:00:00",1220.65
"2019-02-28 00:00:00",1232
"2019-03-01 00:00:00",1225
"2019-03-05 00:00:00",1237.45
"2019-03-06 00:00:00",1262
"2019-03-07 00:00:00",1270
"2019-03-08 00:00:00",1266.9
"2019-03-11 00:00:00",1309.55
"2019-03-12 00:00:00",1330.85
"2019-03-13 00:00:00",1349
"2019-03-14 00:00:00",1339.5
"2019-03-15 00:00:00",1323.75
"2019-03-18 00:00:00",1356.5
"2019-03-19 00:00:00",1378
"2019-03-20 00:00:00",1373.05
"2019-03-22 00:00:00",1345.1
"2019-03-25 00:00:00",1328
"2019-03-26 00:00:00",1369
"2019-03-27 00:00:00",1347
"2019-03-28 00:00:00",1362
"2019-03-29 00:00:00",1363.05
"2019-04-01 00:00:00",1391.6
"2019-04-02 00:00:00",1388.2
"2019-04-03 00:00:00",1374.6
"2019-04-04 00:00:00",1354.5
"2019-04-05 00:00:00",1355.85
"2019-04-08 00:00:00",1328
"2019-04-09 00:00:00",1338
"2019-04-10 00:00:00",1331
"2019-04-11 00:00:00",1350
"2019-04-12 00:00:00",1340
"2019-04-15 00:00:00",1339
"2019-04-16 00:00:00",1345
"2019-04-18 00:00:00",1386.05
"2019-04-22 00:00:00",1344
"2019-04-23 00:00:00",1364.65
"2019-04-24 00:00:00",1389.5
"2019-04-25 00:00:00",1370
"2019-04-26 00:00:00",1392
"2019-04-30 00:00:00",1392.45
"2019-05-02 00:00:00",1403.1
"2019-05-03 00:00:00",1409.9
"2019-05-06 00:00:00",1382.95
"2019-05-07 00:00:00",1341
"2019-05-08 00:00:00",1297.75
"2019-05-09 00:00:00",1253.15
"2019-05-10 00:00:00",1245.75
"2019-05-13 00:00:00",1229.9
"2019-05-14 00:00:00",1267
"2019-05-15 00:00:00",1256
"2019-05-16 00:00:00",1269.2
"2019-05-17 00:00:00",1269
"2019-05-20 00:00:00",1328.55
"2019-05-21 00:00:00",1339.9
"2019-05-22 00:00:00",1344
"2019-05-23 00:00:00",1336
"2019-05-24 00:00:00",1338
"2019-05-27 00:00:00",1313.2
"2019-05-28 00:00:00",1330
"2019-05-29 00:00:00",1315.6
"2019-05-30 00:00:00",1330
"2019-05-31 00:00:00",1330.1
"2019-06-03 00:00:00",1364
"2019-06-04 00:00:00",1353
"2019-06-06 00:00:00",1326.15
"2019-06-07 00:00:00",1311
"2019-06-10 00:00:00",1320.5
"2019-06-11 00:00:00",1329.55
"2019-06-12 00:00:00",1333.2
"2019-06-13 00:00:00",1323.65
"2019-06-14 00:00:00",1320
"2019-06-17 00:00:00",1282.25
"2019-06-18 00:00:00",1278.5
"2019-06-19 00:00:00",1282
"2019-06-20 00:00:00",1299.9
"2019-06-21 00:00:00",1278.7
"2019-06-24 00:00:00",1261.85
"2019-06-25 00:00:00",1295.4
"2019-06-26 00:00:00",1291.9
"2019-06-27 00:00:00",1276
"2019-06-28 00:00:00",1254
"2019-07-01 00:00:00",1268.9
"2019-07-02 00:00:00",1279
"2019-07-03 00:00:00",1282
"2019-07-04 00:00:00",1284
"2019-07-05 00:00:00",1262.9
"2019-07-08 00:00:00",1252.5
"2019-07-09 00:00:00",1283
"2019-07-10 00:00:00",1277.1
"2019-07-11 00:00:00",1280.5
"2019-07-12 00:00:00",1278.55
"2019-07-15 00:00:00",1276.5
"2019-07-16 00:00:00",1292.1
"2019-07-17 00:00:00",1280.5
"2019-07-18 00:00:00",1264.9
"2019-07-19 00:00:00",1253
"2019-07-22 00:00:00",1278.1
"2019-07-23 00:00:00",1275
"2019-07-24 00:00:00",1260
"2019-07-25 00:00:00",1235
"2019-07-26 00:00:00",1217
"2019-07-29 00:00:00",1211.4
"2019-07-30 00:00:00",1177.6
"2019-07-31 00:00:00",1165.2
"2019-08-01 00:00:00",1185.75
"2019-08-02 00:00:00",1183.55
"2019-08-05 00:00:00",1141
"2019-08-06 00:00:00",1122.35
"2019-08-07 00:00:00",1104.4
"2019-08-08 00:00:00",1156.65
"2019-08-09 00:00:00",1161
"2019-08-13 00:00:00",1275.3
"2019-08-14 00:00:00",1288
"2019-08-16 00:00:00",1278.5
"2019-08-19 00:00:00",1290
"2019-08-20 00:00:00",1278.55
"2019-08-21 00:00:00",1271.05
"2019-08-22 00:00:00",1244.2
"2019-08-23 00:00:00",1276
"2019-08-26 00:00:00",1265
"2019-08-27 00:00:00",1274.35
"2019-08-28 00:00:00",1260.05
"2019-08-29 00:00:00",1242.05
"2019-08-30 00:00:00",1253
"2019-09-03 00:00:00",1200.45
"2019-09-04 00:00:00",1202.4
"2019-09-05 00:00:00",1193.4
"2019-09-06 00:00:00",1220.5
"2019-09-09 00:00:00",1221.7
"2019-09-11 00:00:00",1232.05
"2019-09-12 00:00:00",1211.5
"2019-09-13 00:00:00",1226.7
"2019-09-16 00:00:00",1210.6
"2019-09-17 00:00:00",1196.95
"2019-09-18 00:00:00",1209
"2019-09-19 00:00:00",1179
"2019-09-20 00:00:00",1254.35
"2019-09-23 00:00:00",1236.35
"2019-09-24 00:00:00",1277.5
"2019-09-25 00:00:00",1280.6
"2019-09-26 00:00:00",1296.5
"2019-09-27 00:00:00",1307.5
"2019-09-30 00:00:00",1333.4
"2019-10-01 00:00:00",1303.7
"2019-10-03 00:00:00",1311.6
"2019-10-04 00:00:00",1307.75
"2019-10-07 00:00:00",1308.9
"2019-10-09 00:00:00",1328.7
"2019-10-10 00:00:00",1360.15
"2019-10-11 00:00:00",1350.1
"2019-10-14 00:00:00",1356.9
"2019-10-15 00:00:00",1364.15
"2019-10-16 00:00:00",1374.5
"2019-10-17 00:00:00",1394.95
"2019-10-18 00:00:00",1416
"2019-10-22 00:00:00",1417.4
"2019-10-23 00:00:00",1394
"2019-10-24 00:00:00",1435.1
"2019-10-25 00:00:00",1428.25
"2019-10-27 00:00:00",1435.5
"2019-10-29 00:00:00",1470.1
"2019-10-30 00:00:00",1482.6
"2019-10-31 00:00:00",1465.1
"2019-11-01 00:00:00",1456.15
"2019-11-04 00:00:00",1460.65
"2019-11-05 00:00:00",1447.5
"2019-11-06 00:00:00",1433
"2019-11-07 00:00:00",1461
"2019-11-08 00:00:00",1446
"2019-11-11 00:00:00",1427.8
"2019-11-13 00:00:00",1469.1
"2019-11-14 00:00:00",1458.25
"2019-11-15 00:00:00",1466.8
"2019-11-18 00:00:00",1460.05
"2019-11-19 00:00:00",1511.55
"2019-11-20 00:00:00",1548.5
"2019-11-21 00:00:00",1540.5
"2019-11-22 00:00:00",1548.05
"2019-11-25 00:00:00",1562
"2019-11-26 00:00:00",1561.2
"2019-11-27 00:00:00",1575.1
"2019-11-28 00:00:00",1582
"2019-11-29 00:00:00",1553
"2019-12-02 00:00:00",1586.9
"2019-12-03 00:00:00",1582
"2019-12-04 00:00:00",1554.5
"2019-12-05 00:00:00",1551
"2019-12-06 00:00:00",1554.5
"2019-12-09 00:00:00",1572.95
"2019-12-10 00:00:00",1564.9
"2019-12-11 00:00:00",1561
"2019-12-12 00:00:00",1571.1
"2019-12-13 00:00:00",1584.05
"2019-12-16 00:00:00",1571
"2019-12-17 00:00:00",1567
"2019-12-18 00:00:00",1577.15
"2019-12-19 00:00:00",1613
"2019-12-20 00:00:00",1600
"2019-12-23 00:00:00",1570.95
"2019-12-24 00:00:00",1544.5
"2019-12-26 00:00:00",1515.8
"2019-12-27 00:00:00",1542
"2019-12-30 00:00:00",1546.25
"2019-12-31 00:00:00",1516
"2020-01-01 00:00:00",1511.8
"2020-01-02 00:00:00",1534.1
"2020-01-03 00:00:00",1536
"2020-01-06 00:00:00",1499.9
"2020-01-07 00:00:00",1526.95
"2020-01-08 00:00:00",1514
"2020-01-09 00:00:00",1549.5
"2020-01-10 00:00:00",1546.85
"2020-01-13 00:00:00",1539.85
"2020-01-14 00:00:00",1529.1
"2020-01-15 00:00:00",1524.1
"2020-01-16 00:00:00",1538.7
"2020-01-17 00:00:00",1581
"2020-01-20 00:00:00",1532.2
"2020-01-21 00:00:00",1535
"2020-01-22 00:00:00",1535.25
"2020-01-23 00:00:00",1529.6
"2020-01-24 00:00:00",1524.05
"2020-01-27 00:00:00",1508
"2020-01-28 00:00:00",1473.5
"2020-01-29 00:00:00",1480
"2020-01-30 00:00:00",1443
"2020-01-31 00:00:00",1410
"2020-02-01 00:00:00",1372
"2020-02-03 00:00:00",1386
"2020-02-04 00:00:00",1427.5
"2020-02-05 00:00:00",1446.3
"2020-02-06 00:00:00",1455
"2020-02-07 00:00:00",1432
"2020-02-10 00:00:00",1442.2
"2020-02-11 00:00:00",1454.5
"2020-02-12 00:00:00",1473.15
"2020-02-13 00:00:00",1470.45
"2020-02-14 00:00:00",1485.85
"2020-02-17 00:00:00",1478.5
"2020-02-18 00:00:00",1466.9
"2020-02-19 00:00:00",1504.5
"2020-02-20 00:00:00",1487
"2020-02-24 00:00:00",1447.1
"2020-02-25 00:00:00",1420
"2020-02-26 00:00:00",1389.5
"2020-02-27 00:00:00",1380.45
"2020-02-28 00:00:00",1327
"2020-03-02 00:00:00",1322
"2020-03-03 00:00:00",1346.35
"2020-03-04 00:00:00",1349
"2020-03-05 00:00:00",1309.9
"2020-03-06 00:00:00",1269.85
"2020-03-09 00:00:00",1104.5
"2020-03-11 00:00:00",1152
"2020-03-12 00:00:00",1059
"2020-03-13 00:00:00",1116.95
"2020-03-16 00:00:00",1012.2
"2020-03-17 00:00:00",1011.5
"2020-03-18 00:00:00",976.45
"2020-03-19 00:00:00",917.7
"2020-03-20 00:00:00",1028
"2020-03-23 00:00:00",891
"2020-03-24 00:00:00",946
"2020-03-25 00:00:00",1074
"2020-03-26 00:00:00",1069
"2020-03-27 00:00:00",1067.95
"2020-03-30 00:00:00",1031.5
"2020-03-31 00:00:00",1100
"2020-04-01 00:00:00",1084
"2020-04-03 00:00:00",1088
"2020-04-07 00:00:00",1211
"2020-04-08 00:00:00",1197
"2020-04-09 00:00:00",1217.75
"2020-04-13 00:00:00",1192.5
"2020-04-15 00:00:00",1157.5
"2020-04-16 00:00:00",1170
"2020-04-17 00:00:00",1229.9
"2020-04-20 00:00:00",1248.1
"2020-04-21 00:00:00",1251.5
"2020-04-22 00:00:00",1359
"2020-04-23 00:00:00",1370.15
"2020-04-24 00:00:00",1425.8
"2020-04-27 00:00:00",1431
"2020-04-28 00:00:00",1430
"2020-04-29 00:00:00",1427
"2020-04-30 00:00:00",1464
"2020-05-04 00:00:00",1435
"2020-05-05 00:00:00",1462.65
"2020-05-06 00:00:00",1461.5
"2020-05-07 00:00:00",1512
"2020-05-08 00:00:00",1559.45
"2020-05-11 00:00:00",1575
"2020-05-12 00:00:00",1486.45
"2020-05-13 00:00:00",1492.5
"2020-05-14 00:00:00",1437
"2020-05-15 00:00:00",1453.2
"2020-05-18 00:00:00",1442.55
"2020-05-19 00:00:00",1409.1
"2020-05-20 00:00:00",1437.4
"2020-05-21 00:00:00",1440
"2020-05-22 00:00:00",1433
"2020-05-26 00:00:00",1426
"2020-05-27 00:00:00",1449.85
"2020-05-28 00:00:00",1471.05
"2020-05-29 00:00:00",1470
"2020-06-01 00:00:00",1521.9
"2020-06-02 00:00:00",1537.95
"2020-06-03 00:00:00",1543
"2020-06-04 00:00:00",1576
"2020-06-05 00:00:00",1579.2
"2020-06-08 00:00:00",1571.8
"2020-06-09 00:00:00",1535.9
"2020-06-10 00:00:00",1575
"2020-06-11 00:00:00",1538.8
"2020-06-12 00:00:00",1588.7
"2020-06-15 00:00:00",1612.3
"2020-06-16 00:00:00",1614.05
"2020-06-17 00:00:00",1611.85
"2020-06-18 00:00:00",1662.9
"2020-06-19 00:00:00",1763.2
"2020-06-22 00:00:00",1752.5
"2020-06-23 00:00:00",1721.7
"2020-06-24 00:00:00",1732.5
"2020-06-25 00:00:00",1719
"2020-06-26 00:00:00",1750
"2020-06-29 00:00:00",1722.7
"2020-06-30 00:00:00",1707.5
"2020-07-01 00:00:00",1736.25
"2020-07-02 00:00:00",1759.5
"2020-07-03 00:00:00",1788
"2020-07-06 00:00:00",1855
"2020-07-07 00:00:00",1822.15
"2020-07-08 00:00:00",1795.4
"2020-07-09 00:00:00",1826.75
"2020-07-10 00:00:00",1880.2
"2020-07-13 00:00:00",1938.7
"2020-07-14 00:00:00",1915
"2020-07-15 00:00:00",1842.35
"2020-07-16 00:00:00",1842.05
"2020-07-17 00:00:00",1916
"2020-07-20 00:00:00",1921.95
"2020-07-21 00:00:00",1973.5
"2020-07-22 00:00:00",2004
"2020-07-23 00:00:00",2076
"2020-07-24 00:00:00",2148.4
"2020-07-27 00:00:00",2154.95
"2020-07-28 00:00:00",2177
"2020-07-29 00:00:00",2092
"2020-07-30 00:00:00",2101.9
"2020-07-31 00:00:00",2070
"2020-08-03 00:00:00",2007.65
"2020-08-04 00:00:00",2158.4
"2020-08-05 00:00:00",2132.1
"2020-08-06 00:00:00",2136.55
"2020-08-07 00:00:00",2146
"2020-08-10 00:00:00",2121.6
"2020-08-11 00:00:00",2132.85
"2020-08-12 00:00:00",2126.55
"2020-08-13 00:00:00",2125.8
"2020-08-14 00:00:00",2112
"2020-08-17 00:00:00",2094.05
"2020-08-18 00:00:00",2120.2
"2020-08-19 00:00:00",2137
"2020-08-20 00:00:00",2098.6
"2020-08-21 00:00:00",2084.75
"2020-08-24 00:00:00",2099.95
"2020-08-25 00:00:00",2082
"2020-08-26 00:00:00",2133.7
"2020-08-27 00:00:00",2108.1
"2020-08-28 00:00:00",2116
"2020-08-31 00:00:00",2070
"2020-09-01 00:00:00",2092
"2020-09-02 00:00:00",2128.55
"2020-09-03 00:00:00",2114
"2020-09-04 00:00:00",2080
"2020-09-07 00:00:00",2099.6
"2020-09-08 00:00:00",2103.1
"2020-09-09 00:00:00",2163.55
"2020-09-10 00:00:00",2319
"2020-09-11 00:00:00",2315
"2020-09-14 00:00:00",2296.25
"2020-09-15 00:00:00",2324
"2020-09-16 00:00:00",2324.9
"2020-09-17 00:00:00",2296
"2020-09-18 00:00:00",2303.6
"2020-09-21 00:00:00",2250
"2020-09-22 00:00:00",2220.05
"2020-09-23 00:00:00",2228
"2020-09-24 00:00:00",2195
"2020-09-25 00:00:00",2198.85
"2020-09-28 00:00:00",2218
"2020-09-29 00:00:00",2241.9
"2020-09-30 00:00:00",2231
"2020-10-01 00:00:00",2229.05
"2020-10-05 00:00:00",2215
"2020-10-06 00:00:00",2213
"2020-10-07 00:00:00",2259.4
"2020-10-08 00:00:00",2241.5
"2020-10-09 00:00:00",2239
"2020-10-12 00:00:00",2236
"2020-10-13 00:00:00",2279
"2020-10-14 00:00:00",2283
"2020-10-15 00:00:00",2203.25
"2020-10-16 00:00:00",2178
"2020-10-19 00:00:00",2175.5
"2020-10-20 00:00:00",2155.85
"2020-10-21 00:00:00",2122.65
"2020-10-22 00:00:00",2111.9
"2020-10-23 00:00:00",2112
"2020-10-26 00:00:00",2034.9
"2020-10-27 00:00:00",2034.4
"2020-10-28 00:00:00",2008.9
"2020-10-29 00:00:00",2029.05
"2020-10-30 00:00:00",2064.35
"2020-11-02 00:00:00",1876
"2020-11-03 00:00:00",1854.5
"2020-11-04 00:00:00",1910.5
"2020-11-05 00:00:00",1956.8
"2020-11-06 00:00:00",2025
"2020-11-09 00:00:00",2051
"2020-11-10 00:00:00",2089
"2020-11-11 00:00:00",1999.8
"2020-11-12 00:00:00",1981.75
"2020-11-13 00:00:00",2000.05
"2020-11-14 00:00:00",2001.55
"2020-11-17 00:00:00",1994.8
"2020-11-18 00:00:00",1991.2
"2020-11-19 00:00:00",1972
"2020-11-20 00:00:00",1901
"2020-11-23 00:00:00",1955.2
"2020-11-24 00:00:00",1971.05
"2020-11-25 00:00:00",1947.5
"2020-11-26 00:00:00",1957
"2020-11-27 00:00:00",1940.5
"2020-12-01 00:00:00",1954.1
"2020-12-02 00:00:00",1959
"2020-12-03 00:00:00",1960.8
"2020-12-04 00:00:00",1947.7
"2020-12-07 00:00:00",1958.35
"2020-12-08 00:00:00",1992.45
"2020-12-09 00:00:00",2026
"2020-12-10 00:00:00",2008
"2020-12-11 00:00:00",1999.4
"2020-12-14 00:00:00",1993.5
"2020-12-15 00:00:00",1973.6
"2020-12-16 00:00:00",1977.55
"2020-12-17 00:00:00",1985.5
"2020-12-18 00:00:00",1998.1
"2020-12-21 00:00:00",1935
"2020-12-22 00:00:00",1935
"2020-12-23 00:00:00",1947
"2020-12-24 00:00:00",1992.95
"2020-12-28 00:00:00",2002
"2020-12-29 00:00:00",1987
"2020-12-30 00:00:00",1994.35
"2020-12-31 00:00:00",1981.8
"2021-01-01 00:00:00",1988
"2021-01-04 00:00:00",1990.25
"2021-01-05 00:00:00",1965
"2021-01-06 00:00:00",1915.5
"2021-01-07 00:00:00",1912.8
"2021-01-08 00:00:00",1934
"2021-01-11 00:00:00",1899
"2021-01-12 00:00:00",1955.5
"2021-01-13 00:00:00",1936
"2021-01-14 00:00:00",1958.1
"2021-01-15 00:00:00",1937.9
"2021-01-18 00:00:00",1972.8
"2021-01-19 00:00:00",2015
"2021-01-20 00:00:00",2053
"2021-01-21 00:00:00",2107
"2021-01-22 00:00:00",2047.95
"2021-01-25 00:00:00",1935.15
"2021-01-27 00:00:00",1890
"2021-01-28 00:00:00",1876.35
"2021-01-29 00:00:00",1844.95
"2021-02-01 00:00:00",1898.15
"2021-02-02 00:00:00",1936
"2021-02-03 00:00:00",1928.5
"2021-02-04 00:00:00",1921.5
"2021-02-05 00:00:00",1924.3
"2021-02-08 00:00:00",1951.4
"2021-02-09 00:00:00",1954.5
"2021-02-10 00:00:00",1980.35
"2021-02-11 00:00:00",2061.8
"2021-02-12 00:00:00",2040
"2021-02-15 00:00:00",2034
"2021-02-16 00:00:00",2058.5
"2021-02-17 00:00:00",2079.2
"2021-02-18 00:00:00",2063.5
"2021-02-19 00:00:00",2080
"2021-02-22 00:00:00",1999.1
"2021-02-23 00:00:00",2026.15
"2021-02-24 00:00:00",2060.55
"2021-02-25 00:00:00",2147
"2021-02-26 00:00:00",2079.5
"2021-03-01 00:00:00",2103
"2021-03-02 00:00:00",2108
"2021-03-03 00:00:00",2207.1
"2021-03-04 00:00:00",2174
"2021-03-05 00:00:00",2174.55
"2021-03-08 00:00:00",2193
"2021-03-09 00:00:00",2190.55
"2021-03-10 00:00:00",2179.4
"2021-03-12 00:00:00",2136.9
"2021-03-15 00:00:00",2105
"2021-03-16 00:00:00",2100.75
"2021-03-17 00:00:00",2054.5
"2021-03-18 00:00:00",2010
"2021-03-19 00:00:00",2078.1
"2021-03-22 00:00:00",2061
"2021-03-23 00:00:00",2079.9
"2021-03-24 00:00:00",2048.55
"2021-03-25 00:00:00",1993.95
"2021-03-26 00:00:00",1994
"2021-03-30 00:00:00",2031.9
"2021-03-31 00:00:00",2005.65
"2021-04-01 00:00:00",2020
"2021-04-05 00:00:00",1992
"2021-04-06 00:00:00",1986.2
"2021-04-07 00:00:00",2001.55
"2021-04-08 00:00:00",2006.4
"2021-04-09 00:00:00",1983.45
"2021-04-12 00:00:00",1915.65
"2021-04-13 00:00:00",1932.3
"2021-04-15 00:00:00",1943
"2021-04-16 00:00:00",1929
"2021-04-19 00:00:00",1903.05
"2021-04-20 00:00:00",1905
"2021-04-22 00:00:00",1905.1
"2021-04-23 00:00:00",1903.35
"2021-04-26 00:00:00",1938
"2021-04-27 00:00:00",1990
"2021-04-28 00:00:00",1993.15
"2021-04-29 00:00:00",2020
"2021-04-30 00:00:00",1995.9
"2021-05-03 00:00:00",1956
"2021-05-04 00:00:00",1918
"2021-05-05 00:00:00",1921.5
"2021-05-06 00:00:00",1932
"2021-05-07 00:00:00",1926.8
"2021-05-10 00:00:00",1927.1
"2021-05-11 00:00:00",1933.9
"2021-05-12 00:00:00",1913.05
"2021-05-14 00:00:00",1937
"2021-05-17 00:00:00",1958.85
"2021-05-18 00:00:00",1986
"2021-05-19 00:00:00",1993
"2021-05-20 00:00:00",1982
"2021-05-21 00:00:00",1999.6
"2021-05-24 00:00:00",1985.05
"2021-05-25 00:00:00",1964
"2021-05-26 00:00:00",1967
"2021-05-27 00:00:00",1990
"2021-05-28 00:00:00",2094.45
"2021-05-31 00:00:00",2153.5
"2021-06-01 00:00:00",2164.3
"2021-06-02 00:00:00",2207
"2021-06-03 00:00:00",2208
"2021-06-04 00:00:00",2186.9
"2021-06-07 00:00:00",2225.05
"2021-06-08 00:00:00",2211.5
"2021-06-09 00:00:00",2178
"2021-06-10 00:00:00",2184.8
"2021-06-11 00:00:00",2215.8
"2021-06-14 00:00:00",2245
"2021-06-15 00:00:00",2244
"2021-06-16 00:00:00",2209.55
"2021-06-17 00:00:00",2214.15
"2021-06-18 00:00:00",2224.15
"2021-06-21 00:00:00",2238.95
"2021-06-22 00:00:00",2225
"2021-06-23 00:00:00",2208.15
"2021-06-24 00:00:00",2147.8
"2021-06-25 00:00:00",2104.5
"2021-06-28 00:00:00",2089
"2021-06-29 00:00:00",2090
"2021-06-30 00:00:00",2112
"2021-07-01 00:00:00",2101.5
"2021-07-02 00:00:00",2131.55
"2021-07-05 00:00:00",2150
"2021-07-06 00:00:00",2127.85
"2021-07-07 00:00:00",2112
"2021-07-08 00:00:00",2091
"2021-07-09 00:00:00",2071.95
"2021-07-12 00:00:00",2081.95
"2021-07-13 00:00:00",2099
"2021-07-14 00:00:00",2083.55
"2021-07-15 00:00:00",2080.75
"2021-07-16 00:00:00",2110
"2021-07-19 00:00:00",2097.95
"2021-07-20 00:00:00",2089.95
"2021-07-22 00:00:00",2121.5
"2021-07-23 00:00:00",2104
"2021-07-26 00:00:00",2073.9
"2021-07-27 00:00:00",2054
"2021-07-28 00:00:00",2035
"2021-07-29 00:00:00",2054.3
"2021-07-30 00:00:00",2037
"2021-08-02 00:00:00",2068.5
"2021-08-03 00:00:00",2090
"2021-08-04 00:00:00",2105
"2021-08-05 00:00:00",2131
"2021-08-06 00:00:00",2090
"2021-08-09 00:00:00",2078.5
"2021-08-10 00:00:00",2085
"2021-08-11 00:00:00",2115
"2021-08-12 00:00:00",2109.8
"2021-08-13 00:00:00",2143
"2021-08-16 00:00:00",2169
"2021-08-17 00:00:00",2163
"2021-08-18 00:00:00",2168
"2021-08-20 00:00:00",2140.1
"2021-08-23 00:00:00",2161.15
"2021-08-24 00:00:00",2178
"2021-08-25 00:00:00",2201
"2021-08-26 00:00:00",2232
"2021-08-27 00:00:00",2225
"2021-08-30 00:00:00",2273.75
"2021-08-31 00:00:00",2257
"2021-09-01 00:00:00",2266
"2021-09-02 00:00:00",2293
"2021-09-03 00:00:00",2389.65
"2021-09-06 00:00:00",2429
"2021-09-07 00:00:00",2439
"2021-09-08 00:00:00",2430
"2021-09-09 00:00:00",2424.1
"2021-09-13 00:00:00",2369.8
"2021-09-14 00:00:00",2370.5
"2021-09-15 00:00:00",2379.4
"2021-09-16 00:00:00",2424
"2021-09-17 00:00:00",2387
"2021-09-20 00:00:00",2391.85
"2021-09-21 00:00:00",2400
"2021-09-22 00:00:00",2430.8
"2021-09-23 00:00:00",2488.1
"2021-09-24 00:00:00",2479
"2021-09-27 00:00:00",2527
"2021-09-28 00:00:00",2545
"2021-09-29 00:00:00",2530
"2021-09-30 00:00:00",2511
"2021-10-01 00:00:00",2525
"2021-10-04 00:00:00",2558
"2021-10-05 00:00:00",2610.25
"2021-10-06 00:00:00",2554
"2021-10-07 00:00:00",2572
"2021-10-08 00:00:00",2669.2
"2021-10-11 00:00:00",2655
"2021-10-12 00:00:00",2668
"2021-10-13 00:00:00",2698
"2021-10-14 00:00:00",2701
"2021-10-18 00:00:00",2707.8
"2021-10-19 00:00:00",2730.8
"2021-10-20 00:00:00",2703.5
"2021-10-21 00:00:00",2635
"2021-10-22 00:00:00",2625.75
"2021-10-25 00:00:00",2607
"2021-10-26 00:00:00",2666.3
"2021-10-27 00:00:00",2622.3
"2021-10-28 00:00:00",2598
"2021-10-29 00:00:00",2540
"2021-11-01 00:00:00",2538.1
"2021-11-02 00:00:00",2503.05
"2021-11-03 00:00:00",2483
"2021-11-04 00:00:00",2503
"2021-11-08 00:00:00",2502.9
"2021-11-09 00:00:00",2528.6
"2021-11-10 00:00:00",2546.45
"2021-11-11 00:00:00",2556
"2021-11-12 00:00:00",2588
"2021-11-15 00:00:00",2574.5
"2021-11-16 00:00:00",2497.25
"2021-11-17 00:00:00",2462.8
"2021-11-18 00:00:00",2473
"2021-11-22 00:00:00",2365.65
"2021-11-23 00:00:00",2389.95
"2021-11-24 00:00:00",2343.55
"2021-11-25 00:00:00",2501
"2021-11-26 00:00:00",2405.1
"2021-11-29 00:00:00",2437.7
"2021-11-30 00:00:00",2401.2
"2021-12-01 00:00:00",2467.75
"2021-12-02 00:00:00",2481.95
"2021-12-03 00:00:00",2413.15
"2021-12-06 00:00:00",2365.95
"2021-12-07 00:00:00",2382
"2021-12-08 00:00:00",2420.95
"2021-12-09 00:00:00",2453
"2021-12-10 00:00:00",2457.25
"2021-12-13 00:00:00",2411.45
"2021-12-14 00:00:00",2382.5
"2021-12-15 00:00:00",2369.9
"2021-12-16 00:00:00",2413.95
"2021-12-17 00:00:00",2343.4
"2021-12-20 00:00:00",2276.8
"2021-12-21 00:00:00",2313
"2021-12-22 00:00:00",2365
"2021-12-23 00:00:00",2365
"2021-12-24 00:00:00",2367.15
"2021-12-27 00:00:00",2371
"2021-12-28 00:00:00",2404
"2021-12-29 00:00:00",2398
"2021-12-30 00:00:00",2364
"2021-12-31 00:00:00",2368.5
"2022-01-03 00:00:00",2407.95
"2022-01-04 00:00:00",2460
"2022-01-05 00:00:00",2461.85
"2022-01-06 00:00:00",2419.15
"2022-01-07 00:00:00",2439.9
"2022-01-10 00:00:00",2440.2
"2022-01-11 00:00:00",2455.8
"2022-01-12 00:00:00",2518
"2022-01-13 00:00:00",2536.25
"2022-01-14 00:00:00",2537
"2022-01-17 00:00:00",2553
"2022-01-18 00:00:00",2523
"2022-01-19 00:00:00",2521.4
"2022-01-20 00:00:00",2482.1
"2022-01-21 00:00:00",2476.05
"2022-01-24 00:00:00",2379.9
"2022-01-25 00:00:00",2368.1
"2022-01-27 00:00:00",2347
"2022-01-28 00:00:00",2336
"2022-01-31 00:00:00",2384.05
"2022-02-01 00:00:00",2382.8
"2022-02-02 00:00:00",2385
"2022-02-03 00:00:00",2348.45
"2022-02-04 00:00:00",2330.5
"2022-02-07 00:00:00",2319.4
"2022-02-08 00:00:00",2357.5
"2022-02-09 00:00:00",2384
"2022-02-10 00:00:00",2376.95
"2022-02-11 00:00:00",2372.55
"2022-02-14 00:00:00",2332
"2022-02-15 00:00:00",2415.1
"2022-02-16 00:00:00",2407.65
"2022-02-17 00:00:00",2441
"2022-02-18 00:00:00",2427.3
"2022-02-21 00:00:00",2399.6
"2022-02-22 00:00:00",2389.75
"2022-02-23 00:00:00",2371.25
"2022-02-24 00:00:00",2250
"2022-02-25 00:00:00",2283
"2022-02-28 00:00:00",2355
"2022-03-02 00:00:00",2399.25
"2022-03-03 00:00:00",2382
"2022-03-04 00:00:00",2327.95
"2022-03-07 00:00:00",2240.05
"2022-03-08 00:00:00",2235.05
"2022-03-09 00:00:00",2358.3
"2022-03-10 00:00:00",2387
"2022-03-11 00:00:00",2393.15
"2022-03-14 00:00:00",2422.2
"2022-03-15 00:00:00",2362
"2022-03-16 00:00:00",2401.5
"2022-03-17 00:00:00",2487.5
"2022-03-21 00:00:00",2463
"2022-03-22 00:00:00",2528
"2022-03-23 00:00:00",2535
"2022-03-24 00:00:00",2572
"2022-03-25 00:00:00",2600.9
"2022-03-28 00:00:00",2617
"2022-03-29 00:00:00",2618
"2022-03-30 00:00:00",2658.7
"2022-03-31 00:00:00",2636
"2022-04-01 00:00:00",2661
"2022-04-04 00:00:00",2660.65
"2022-04-05 00:00:00",2626
"2022-04-06 00:00:00",2616
"2022-04-07 00:00:00",2572.2
"2022-04-08 00:00:00",2617.95
"2022-04-11 00:00:00",2610.95
"2022-04-12 00:00:00",2560
"2022-04-13 00:00:00",2551.9
"2022-04-18 00:00:00",2540.2
"2022-04-19 00:00:00",2626
"2022-04-20 00:00:00",2717.5
"2022-04-21 00:00:00",2782
"2022-04-22 00:00:00",2762
"2022-04-25 00:00:00",2696
"2022-04-26 00:00:00",2788.2
"2022-04-27 00:00:00",2776
"2022-04-28 00:00:00",2810
"2022-04-29 00:00:00",2799.7
"2022-05-02 00:00:00",2780.9
"2022-05-04 00:00:00",2692
"2022-05-05 00:00:00",2643
"2022-05-06 00:00:00",2628
"2022-05-09 00:00:00",2508
"2022-05-10 00:00:00",2461.7
"2022-05-11 00:00:00",2450.75
"2022-05-12 00:00:00",2403.5
"2022-05-13 00:00:00",2431.45
"2022-05-16 00:00:00",2428.05
"2022-05-17 00:00:00",2533.5
"2022-05-18 00:00:00",2542.25
"2022-05-19 00:00:00",2477.9
"2022-05-20 00:00:00",2628.85
"2022-05-23 00:00:00",2602.5
"2022-05-24 00:00:00",2615.05
"2022-05-25 00:00:00",2613.4
"2022-05-26 00:00:00",2589
"2022-05-27 00:00:00",2575.3
"2022-05-30 00:00:00",2668
"2022-05-31 00:00:00",2623.6
"2022-06-01 00:00:00",2635
"2022-06-02 00:00:00",2728.3
"2022-06-03 00:00:00",2778
"2022-06-06 00:00:00",2766.25
"2022-06-07 00:00:00",2767.05
"2022-06-08 00:00:00",2722
"2022-06-09 00:00:00",2796.05
"2022-06-10 00:00:00",2713.9
"2022-06-13 00:00:00",2668
"2022-06-14 00:00:00",2627.75
"2022-06-15 00:00:00",2595.8
"2022-06-16 00:00:00",2555.1
"2022-06-17 00:00:00",2605.05
"2022-06-20 00:00:00",2542.9
"2022-06-21 00:00:00",2582
"2022-06-22 00:00:00",2502
"2022-06-23 00:00:00",2469
"2022-06-24 00:00:00",2497.55
"2022-06-27 00:00:00",2495.6
"2022-06-28 00:00:00",2530
"2022-06-29 00:00:00",2576
"2022-06-30 00:00:00",2589
"2022-07-01 00:00:00",2406
"2022-07-04 00:00:00",2413
"2022-07-05 00:00:00",2431.55
"2022-07-06 00:00:00",2415
"2022-07-07 00:00:00",2391
"2022-07-08 00:00:00",2391
"2022-07-11 00:00:00",2421.5
"2022-07-12 00:00:00",2418.8
"2022-07-13 00:00:00",2379
"2022-07-14 00:00:00",2399
"2022-07-15 00:00:00",2401.15
"2022-07-18 00:00:00",2423
"2022-07-19 00:00:00",2433
"2022-07-20 00:00:00",2499
"2022-07-21 00:00:00",2486
"2022-07-22 00:00:00",2502.95
"2022-07-25 00:00:00",2417.4
"2022-07-26 00:00:00",2419.4
"2022-07-27 00:00:00",2422
"2022-07-28 00:00:00",2453.6
"2022-07-29 00:00:00",2507.2
"2022-08-01 00:00:00",2569
"2022-08-02 00:00:00",2575.5
"2022-08-03 00:00:00",2606.2
"2022-08-04 00:00:00",2570
"2022-08-05 00:00:00",2532.9
"2022-08-08 00:00:00",2568
"2022-08-10 00:00:00",2578.95
"2022-08-11 00:00:00",2586.7
"2022-08-12 00:00:00",2632
"2022-08-16 00:00:00",2656
"2022-08-17 00:00:00",2661.7
"2022-08-18 00:00:00",2662
"2022-08-19 00:00:00",2609.8
"2022-08-22 00:00:00",2602.5
"2022-08-23 00:00:00",2649
"2022-08-24 00:00:00",2645
"2022-08-25 00:00:00",2628
"2022-08-26 00:00:00",2623
"2022-08-29 00:00:00",2600
"2022-08-30 00:00:00",2642
"2022-09-01 00:00:00",2564
"2022-09-02 00:00:00",2527.95
"2022-09-05 00:00:00",2567.15
"2022-09-06 00:00:00",2594
"2022-09-07 00:00:00",2580.5
"2022-09-08 00:00:00",2583.05
"2022-09-09 00:00:00",2568.9
"2022-09-12 00:00:00",2597.6
"2022-09-13 00:00:00",2619
"2022-09-14 00:00:00",2589.15
"2022-09-15 00:00:00",2563
"2022-09-16 00:00:00",2498
"2022-09-19 00:00:00",2502.4
"2022-09-20 00:00:00",2497.85
"2022-09-21 00:00:00",2507.7
"2022-09-22 00:00:00",2487.95
"2022-09-23 00:00:00",2438.8
"2022-09-26 00:00:00",2378.15
"2022-09-27 00:00:00",2394
"2022-09-28 00:00:00",2330.5
"2022-09-29 00:00:00",2328
"2022-09-30 00:00:00",2376.15
"2022-10-03 00:00:00",2367.05
"2022-10-04 00:00:00",2412.9
"2022-10-06 00:00:00",2422.5
"2022-10-07 00:00:00",2431.95
"2022-10-10 00:00:00",2407
"2022-10-11 00:00:00",2353.55
"2022-10-12 00:00:00",2377
"2022-10-13 00:00:00",2381
"2022-10-14 00:00:00",2371.75
"2022-10-17 00:00:00",2406.6
"2022-10-18 00:00:00",2453.35
"2022-10-19 00:00:00",2496
"2022-10-20 00:00:00",2496.05
"2022-10-21 00:00:00",2470
"2022-10-24 00:00:00",2480.8
"2022-10-25 00:00:00",2441.8
"2022-10-27 00:00:00",2459.2
"2022-10-28 00:00:00",2527
"2022-10-31 00:00:00",2545.8
"2022-11-01 00:00:00",2531.7
"2022-11-02 00:00:00",2542.55
"2022-11-03 00:00:00",2552
"2022-11-04 00:00:00",2594.2
"2022-11-07 00:00:00",2604
"2022-11-09 00:00:00",2593.7
"2022-11-10 00:00:00",2572.35
"2022-11-11 00:00:00",2630
"2022-11-14 00:00:00",2614.65
"2022-11-15 00:00:00",2607.2
"2022-11-16 00:00:00",2592.95
"2022-11-17 00:00:00",2598.95
"2022-11-18 00:00:00",2597.05
"2022-11-21 00:00:00",2548
"2022-11-22 00:00:00",2564.9
"2022-11-23 00:00:00",2557.5
"2022-11-24 00:00:00",2588
"2022-11-25 00:00:00",2612.75
"2022-11-28 00:00:00",2706
"2022-11-29 00:00:00",2708.35
"2022-11-30 00:00:00",2733.05
"2022-12-01 00:00:00",2725.25
"2022-12-02 00:00:00",2727
"2022-12-05 00:00:00",2682
"2022-12-06 00:00:00",2689.45
"2022-12-07 00:00:00",2647
"2022-12-08 00:00:00",2649
"2022-12-09 00:00:00",2609.5
"2022-12-12 00:00:00",2617
"2022-12-13 00:00:00",2622
"2022-12-14 00:00:00",2613.5
"2022-12-15 00:00:00",2580
"2022-12-16 00:00:00",2567.9
"2022-12-19 00:00:00",2603
"2022-12-20 00:00:00",2619.95
"2022-12-21 00:00:00",2583.2
"2022-12-22 00:00:00",2577
"2022-12-23 00:00:00",2508.5
"2022-12-26 00:00:00",2525
"2022-12-27 00:00:00",2542.7
"2022-12-28 00:00:00",2542
"2022-12-29 00:00:00",2544.95
"2022-12-30 00:00:00",2547
"2023-01-02 00:00:00",2577.9
"2023-01-03 00:00:00",2555.8
"2023-01-04 00:00:00",2516.65
"2023-01-05 00:00:00",2521.8
"2023-01-06 00:00:00",2537
"2023-01-09 00:00:00",2594
"2023-01-10 00:00:00",2561.95
"2023-01-11 00:00:00",2525
"2023-01-12 00:00:00",2475
"2023-01-13 00:00:00",2467.9
"2023-01-16 00:00:00",2444.5
"2023-01-17 00:00:00",2478.4
"2023-01-18 00:00:00",2474.7
"2023-01-19 00:00:00",2469
"2023-01-20 00:00:00",2443
"2023-01-23 00:00:00",2428
"2023-01-24 00:00:00",2413
"2023-01-25 00:00:00",2384
"2023-01-27 00:00:00",2339
"2023-01-30 00:00:00",2363.55
"2023-01-31 00:00:00",2356.65
"2023-02-01 00:00:00",2340
"2023-02-02 00:00:00",2325
"2023-02-03 00:00:00",2330
"2023-02-06 00:00:00",2312.9
"2023-02-07 00:00:00",2304.3
"2023-02-08 00:00:00",2349.65
"2023-02-09 00:00:00",2353.6
"2023-02-10 00:00:00",2336.5
"2023-02-13 00:00:00",2324.6
"2023-02-14 00:00:00",2380
"2023-02-15 00:00:00",2435.05
"2023-02-16 00:00:00",2427.5
"2023-02-17 00:00:00",2438
"2023-02-20 00:00:00",2414.7
"2023-02-21 00:00:00",2435.2
"2023-02-22 00:00:00",2377
"2023-02-23 00:00:00",2366.5
"2023-02-24 00:00:00",2387.9
"2023-02-27 00:00:00",2365.05
"2023-02-28 00:00:00",2319.95
"2023-03-01 00:00:00",2345.4
"2023-03-02 00:00:00",2329.4
"2023-03-03 00:00:00",2382
"2023-03-06 00:00:00",2409.7
"2023-03-08 00:00:00",2416.5
"2023-03-09 00:00:00",2360
"2023-03-10 00:00:00",2326
"2023-03-13 00:00:00",2288
"2023-03-14 00:00:00",2279
"2023-03-15 00:00:00",2237.45
"2023-03-16 00:00:00",2229.5
"2023-03-17 00:00:00",2224.4
"2023-03-20 00:00:00",2211.15
"2023-03-21 00:00:00",2272
"2023-03-22 00:00:00",2274.3
"2023-03-23 00:00:00",2247.6
"2023-03-24 00:00:00",2204.9
"2023-03-27 00:00:00",2238.8
"2023-03-28 00:00:00",2247.05
"2023-03-29 00:00:00",2242.2
"2023-03-31 00:00:00",2330.95
"2023-04-03 00:00:00",2331.05
"2023-04-05 00:00:00",2324.1
"2023-04-06 00:00:00",2340.15
"2023-04-10 00:00:00",2324.05
"2023-04-11 00:00:00",2334.1
"2023-04-12 00:00:00",2346.7
"2023-04-13 00:00:00",2356
"2023-04-17 00:00:00",2367.35
"2023-04-18 00:00:00",2340.4
"2023-04-19 00:00:00",2348.8
"2023-04-20 00:00:00",2345
"2023-04-21 00:00:00",2351
"2023-04-24 00:00:00",2360.5
"2023-04-25 00:00:00",2373.45
"2023-04-26 00:00:00",2361.9
"2023-04-27 00:00:00",2381.7
"2023-04-28 00:00:00",2419.9
"2023-05-02 00:00:00",2440.2
"2023-05-03 00:00:00",2418
"2023-05-04 00:00:00",2445.95
"2023-05-05 00:00:00",2441
"2023-05-08 00:00:00",2471
"2023-05-09 00:00:00",2476.7
"2023-05-10 00:00:00",2492
"2023-05-11 00:00:00",2482
"2023-05-12 00:00:00",2481.9
"2023-05-15 00:00:00",2484.75
"2023-05-16 00:00:00",2454.55
"2023-05-17 00:00:00",2442
"2023-05-18 00:00:00",2433
"2023-05-19 00:00:00",2444
"2023-05-22 00:00:00",2454.5
"2023-05-23 00:00:00",2453
"2023-05-24 00:00:00",2441
"2023-05-25 00:00:00",2444.85
"2023-05-26 00:00:00",2508.8
"2023-05-29 00:00:00",2518.2
"2023-05-30 00:00:00",2520.55
"2023-05-31 00:00:00",2466.95
"2023-06-01 00:00:00",2467
"2023-06-02 00:00:00",2455.25
"2023-06-05 00:00:00",2479.95
"2023-06-06 00:00:00",2483.8
"2023-06-07 00:00:00",2498
"2023-06-08 00:00:00",2505
"2023-06-09 00:00:00",2482
"2023-06-12 00:00:00",2488
"2023-06-13 00:00:00",2517.9
"2023-06-14 00:00:00",2546.25
"2023-06-15 00:00:00",2550.15
"2023-06-16 00:00:00",2575
"2023-06-19 00:00:00",2550.5
"2023-06-20 00:00:00",2561.5
"2023-06-21 00:00:00",2564.9
"2023-06-22 00:00:00",2539
"2023-06-23 00:00:00",2517.8
"2023-06-26 00:00:00",2495.25
"2023-06-27 00:00:00",2495
"2023-06-28 00:00:00",2530.35
"2023-06-30 00:00:00",2553.35
"2023-07-03 00:00:00",2612
"2023-07-04 00:00:00",2588
"2023-07-05 00:00:00",2588
"2023-07-06 00:00:00",2633.3
"2023-07-07 00:00:00",2629
"2023-07-10 00:00:00",2735.25
"2023-07-11 00:00:00",2769
"2023-07-12 00:00:00",2765
"2023-07-13 00:00:00",2748
"2023-07-14 00:00:00",2751
"2023-07-17 00:00:00",2795.2
"2023-07-18 00:00:00",2822.6
"2023-07-19 00:00:00",2853
"2023-07-20 00:00:00",2623
"2023-07-21 00:00:00",2555
"2023-07-24 00:00:00",2488
"2023-07-25 00:00:00",2484
"2023-07-26 00:00:00",2526
"2023-07-27 00:00:00",2515
"2023-07-28 00:00:00",2528.2
"2023-07-31 00:00:00",2546
"2023-08-01 00:00:00",2517.7
"2023-08-02 00:00:00",2484.05
"2023-08-03 00:00:00",2474.5
"2023-08-04 00:00:00",2508
"2023-08-07 00:00:00",2523.5
"2023-08-08 00:00:00",2503.75
"2023-08-09 00:00:00",2522
"2023-08-10 00:00:00",2536
"2023-08-11 00:00:00",2542
"2023-08-14 00:00:00",2573.2
"2023-08-16 00:00:00",2571.95
"2023-08-17 00:00:00",2534.05
"2023-08-18 00:00:00",2551.05
"2023-08-21 00:00:00",2519.5
"2023-08-22 00:00:00",2523
"2023-08-23 00:00:00",2518.2
"2023-08-24 00:00:00",2475.8
"2023-08-25 00:00:00",2461.9
"2023-08-28 00:00:00",2436.95
"2023-08-29 00:00:00",2422
"2023-08-30 00:00:00",2419.4
"2023-08-31 00:00:00",2408
"2023-09-01 00:00:00",2411.4
"2023-09-04 00:00:00",2411.05
"2023-09-05 00:00:00",2426
"2023-09-06 00:00:00",2426.35
"2023-09-07 00:00:00",2431
"2023-09-08 00:00:00",2451
"2023-09-11 00:00:00",2473.05
"2023-09-12 00:00:00",2437
"2023-09-13 00:00:00",2450.1
"2023-09-14 00:00:00",2456
"2023-09-15 00:00:00",2452.5
"2023-09-18 00:00:00",2434
"2023-09-20 00:00:00",2380.65
"2023-09-21 00:00:00",2365
"2023-09-22 00:00:00",2356.5
"2023-09-25 00:00:00",2339.5
"2023-09-26 00:00:00",2340
"2023-09-27 00:00:00",2371
"2023-09-28 00:00:00",2339
"2023-09-29 00:00:00",2342.05
"2023-10-03 00:00:00",2318.4
"2023-10-04 00:00:00",2314.1
"2023-10-05 00:00:00",2312.9
"2023-10-06 00:00:00",2317.65
"2023-10-09 00:00:00",2295.15
"2023-10-10 00:00:00",2310.3
"2023-10-11 00:00:00",2345.75
"2023-10-12 00:00:00",2347.35
"2023-10-13 00:00:00",2344.95
"2023-10-16 00:00:00",2345.8
"2023-10-17 00:00:00",2356.2
"2023-10-18 00:00:00",2321.4
"2023-10-19 00:00:00",2304.65
"2023-10-20 00:00:00",2296.6
"2023-10-23 00:00:00",2262.9
"2023-10-25 00:00:00",2256
"2023-10-26 00:00:00",2223
"2023-10-27 00:00:00",2266.15
"2023-10-30 00:00:00",2309
"2023-10-31 00:00:00",2289
"2023-11-01 00:00:00",2294.7
"2023-11-02 00:00:00",2319
"2023-11-03 00:00:00",2319
"2023-11-06 00:00:00",2339
"2023-11-07 00:00:00",2323.1
"2023-11-08 00:00:00",2333.75
"2023-11-09 00:00:00",2311.45
"2023-11-10 00:00:00",2315.9
"2023-11-12 00:00:00",2330.9
"2023-11-13 00:00:00",2315.1
"2023-11-15 00:00:00",2356.1
"2023-11-16 00:00:00",2358
"2023-11-17 00:00:00",2354.85
"2023-11-20 00:00:00",2349
"2023-11-21 00:00:00",2377
"2023-11-22 00:00:00",2387
"2023-11-23 00:00:00",2393.9
"2023-11-24 00:00:00",2394.25
"2023-11-28 00:00:00",2395.15
"2023-11-29 00:00:00",2400
"2023-11-30 00:00:00",2379
"2023-12-01 00:00:00",2393
"2023-12-04 00:00:00",2421
"2023-12-05 00:00:00",2437.15
"2023-12-06 00:00:00",2462
"2023-12-07 00:00:00",2456.15
"2023-12-08 00:00:00",2451
"2023-12-11 00:00:00",2460.9
"2023-12-12 00:00:00",2424
"2023-12-13 00:00:00",2432.05
"2023-12-14 00:00:00",2463.55
"2023-12-15 00:00:00",2492
"2023-12-18 00:00:00",2520
"2023-12-19 00:00:00",2556.5
"2023-12-20 00:00:00",2529.4
"2023-12-21 00:00:00",2561
"2023-12-22 00:00:00",2561
"2023-12-26 00:00:00",2579
"2023-12-27 00:00:00",2583.35
"2023-12-28 00:00:00",2605
"2023-12-29 00:00:00",2587
"2024-01-01 00:00:00",2588.45
"2024-01-02 00:00:00",2609
"2024-01-03 00:00:00",2580.75
"2024-01-04 00:00:00",2600
"2024-01-05 00:00:00",2609
"2024-01-08 00:00:00",2586
"2024-01-09 00:00:00",2580.5
"2024-01-10 00:00:00",2655
"2024-01-11 00:00:00",2716
"2024-01-12 00:00:00",2740.5
"2024-01-15 00:00:00",2786
"2024-01-16 00:00:00",2746.8
"2024-01-17 00:00:00",2723.5
"2024-01-18 00:00:00",2734.75
"2024-01-19 00:00:00",2736.45
"2024-01-20 00:00:00",2716
"2024-01-23 00:00:00",2656.75
"2024-01-24 00:00:00",2694.9
"2024-01-25 00:00:00",2711
"2024-01-29 00:00:00",2890.1
"2024-01-30 00:00:00",2818.25
"2024-01-31 00:00:00",2850
"2024-02-01 00:00:00",2851.5
"2024-02-02 00:00:00",2913
"2024-02-05 00:00:00",2879.45
"2024-02-06 00:00:00",2854.75
"2024-02-07 00:00:00",2885
"2024-02-08 00:00:00",2916
"2024-02-09 00:00:00",2917.3
"2024-02-12 00:00:00",2904
"2024-02-13 00:00:00",2926.2
"2024-02-14 00:00:00",2963.6
"2024-02-15 00:00:00",2944.5
"2024-02-16 00:00:00",2925
"2024-02-19 00:00:00",2940
"2024-02-20 00:00:00",2941.45
"2024-02-21 00:00:00",2932.05
"2024-02-22 00:00:00",2962.2
"2024-02-23 00:00:00",2986.55
"2024-02-26 00:00:00",2975.1
"2024-02-27 00:00:00",2971
"2024-02-28 00:00:00",2915
"2024-02-29 00:00:00",2930.75
"2024-03-01 00:00:00",2977
"2024-03-02 00:00:00",2980.95
"2024-03-04 00:00:00",3010
"2024-03-05 00:00:00",2996
"2024-03-06 00:00:00",3002.85
"2024-03-07 00:00:00",2957
"2024-03-11 00:00:00",2928
"2024-03-12 00:00:00",2953.5
"2024-03-13 00:00:00",2873.2
"2024-03-14 00:00:00",2870
"2024-03-15 00:00:00",2838
"2024-03-18 00:00:00",2874
"2024-03-19 00:00:00",2849.15
"2024-03-20 00:00:00",2886.25
"2024-03-21 00:00:00",2900.05
"2024-03-22 00:00:00",2906.55
"2024-03-26 00:00:00",2886.7
"2024-03-27 00:00:00",2983.75
"2024-03-28 00:00:00",2970.3
"2024-04-01 00:00:00",2974.8
"2024-04-02 00:00:00",2977
"2024-04-03 00:00:00",2944.95
"2024-04-04 00:00:00",2931
"2024-04-05 00:00:00",2925.95
"2024-04-08 00:00:00",2970
"2024-04-09 00:00:00",2931.9
"2024-04-10 00:00:00",2955
"2024-04-12 00:00:00",2937.15
"2024-04-15 00:00:00",2931
"2024-04-16 00:00:00",2936.5
"2024-04-18 00:00:00",2925
"2024-04-19 00:00:00",2943.05
"2024-04-22 00:00:00",2962.9
"2024-04-23 00:00:00",2919.5
"2024-04-24 00:00:00",2901.45
"2024-04-25 00:00:00",2917.7
"2024-04-26 00:00:00",2908.5
"2024-04-29 00:00:00",2927.5
"2024-04-30 00:00:00",2932
"2024-05-02 00:00:00",2938.1
"2024-05-03 00:00:00",2871
"2024-05-06 00:00:00",2843.4
"2024-05-07 00:00:00",2808
"2024-05-08 00:00:00",2834.25
"2024-05-09 00:00:00",2785
"2024-05-10 00:00:00",2808
"2024-05-13 00:00:00",2805
"2024-05-14 00:00:00",2839
"2024-05-15 00:00:00",2831.7
"2024-05-16 00:00:00",2851
"2024-05-17 00:00:00",2870.1
"2024-05-18 00:00:00",2869.5
"2024-05-21 00:00:00",2867.95
"2024-05-22 00:00:00",2921
"2024-05-23 00:00:00",2969
"2024-05-24 00:00:00",2959
"2024-05-27 00:00:00",2934.9
"2024-05-28 00:00:00",2911
"2024-05-29 00:00:00",2881.05
"2024-05-30 00:00:00",2859.1
"2024-05-31 00:00:00",2859
"2024-06-03 00:00:00",3027.75
"2024-06-04 00:00:00",2816.45
"2024-06-05 00:00:00",2838.85
"2024-06-06 00:00:00",2872
"2024-06-07 00:00:00",2931.1
"2024-06-10 00:00:00",2944.05
"2024-06-11 00:00:00",2915.05
"2024-06-12 00:00:00",2924.5
"2024-06-13 00:00:00",2927.6
"2024-06-14 00:00:00",2951.45
"2024-06-18 00:00:00",2959.9
"2024-06-19 00:00:00",2917
"2024-06-20 00:00:00",2949
"2024-06-21 00:00:00",2912
"2024-06-24 00:00:00",2885
"2024-06-25 00:00:00",2905.05
"2024-06-26 00:00:00",3021.1
"2024-06-27 00:00:00",3057.1
"2024-06-28 00:00:00",3128.25
"2024-07-01 00:00:00",3123
"2024-07-02 00:00:00",3126.2
"2024-07-03 00:00:00",3109
"2024-07-04 00:00:00",3106
"2024-07-05 00:00:00",3189.9
"2024-07-08 00:00:00",3201.5
"2024-07-09 00:00:00",3176.3
"2024-07-10 00:00:00",3164
"2024-07-11 00:00:00",3170
"2024-07-12 00:00:00",3195
"2024-07-15 00:00:00",3193.6
"2024-07-16 00:00:00",3148.3
"2024-07-18 00:00:00",3170.6
"2024-07-19 00:00:00",3116.95
"2024-07-22 00:00:00",3004
"2024-07-23 00:00:00",2970.05
"2024-07-24 00:00:00",2988
"2024-07-25 00:00:00",2988.35
"2024-07-26 00:00:00",3018.6
"2024-07-29 00:00:00",3038.25
"2024-07-30 00:00:00",3023
"2024-07-31 00:00:00",3009
"2024-08-01 00:00:00",3035.9
"2024-08-02 00:00:00",2992
"2024-08-05 00:00:00",2896
"2024-08-06 00:00:00",2915.55
"2024-08-07 00:00:00",2930
"2024-08-08 00:00:00",2896.45
"2024-08-09 00:00:00",2946.1
"2024-08-12 00:00:00",2923
"2024-08-13 00:00:00",2925
"2024-08-14 00:00:00",2920.1
"2024-08-16 00:00:00",2957.75
"2024-08-19 00:00:00",2979
"2024-08-20 00:00:00",2986.5
"2024-08-21 00:00:00",2999
"2024-08-22 00:00:00",2996.5
"2024-08-23 00:00:00",2996.85
"2024-08-26 00:00:00",3021.2
"2024-08-27 00:00:00",3001
"2024-08-28 00:00:00",2999
"2024-08-29 00:00:00",3042.9
"2024-08-30 00:00:00",3024.95
"2024-09-02 00:00:00",3034.4
"2024-09-03 00:00:00",3018.9
"2024-09-04 00:00:00",3031.95
"2024-09-05 00:00:00",2991
"2024-09-06 00:00:00",2930.95
"2024-09-09 00:00:00",2927
"2024-09-10 00:00:00",2924
"2024-09-11 00:00:00",2904.45
"2024-09-12 00:00:00",2953
"2024-09-13 00:00:00",2946.5
"2024-09-16 00:00:00",2944.35
"2024-09-17 00:00:00",2945
"2024-09-18 00:00:00",2923
"2024-09-19 00:00:00",2940
"2024-09-20 00:00:00",2972.1
"2024-09-23 00:00:00",2985
"2024-09-24 00:00:00",2980.5
"2024-09-25 00:00:00",2988.05
"2024-09-26 00:00:00",3008
"2024-09-27 00:00:00",3047.05
"2024-09-30 00:00:00",2958
"2024-10-01 00:00:00",2927
"2024-10-03 00:00:00",2813.95
"2024-10-04 00:00:00",2771.5
"2024-10-07 00:00:00",2740.7
"2024-10-08 00:00:00",2798.95
"2024-10-09 00:00:00",2748
"2024-10-10 00:00:00",2742.5
"2024-10-11 00:00:00",2749
"2024-10-14 00:00:00",2745.5
"2024-10-15 00:00:00",2688.6
"2024-10-16 00:00:00",2709.4
"2024-10-17 00:00:00",2713.3
"2024-10-18 00:00:00",2717
"2024-10-21 00:00:00",2736
"2024-10-22 00:00:00",2684.15
"2024-10-23 00:00:00",2682.35
"2024-10-24 00:00:00",2678.9
"2024-10-25 00:00:00",2656.3
"2024-10-28 00:00:00",1335
"2024-10-29 00:00:00",1340
"2024-10-30 00:00:00",1344.85
"2024-10-31 00:00:00",1332
"2024-11-01 00:00:00",1338.4
"2024-11-04 00:00:00",1298.5
"2024-11-05 00:00:00",1307.5
"2024-11-06 00:00:00",1326
"2024-11-07 00:00:00",1305
"2024-11-08 00:00:00",1280.2
"2024-11-11 00:00:00",1273.4
"2024-11-12 00:00:00",1269.5
"2024-11-13 00:00:00",1252.7
"2024-11-14 00:00:00",1266.9
"2024-11-18 00:00:00",1259.15
"2024-11-19 00:00:00",1237.4
"2024-11-21 00:00:00",1220.45
"2024-11-22 00:00:00",1264
"2024-11-25 00:00:00",1290.95
"2024-11-26 00:00:00",1295.6
"2024-11-27 00:00:00",1293.4
"2024-11-28 00:00:00",1272.75
"2024-11-29 00:00:00",1291.5
"2024-12-02 00:00:00",1310.6
"2024-12-03 00:00:00",1325.05
"2024-12-04 00:00:00",1309.5
"2024-12-05 00:00:00",1320.9
"2024-12-06 00:00:00",1311.6
"2024-12-09 00:00:00",1296.4
"2024-12-10 00:00:00",1285.95
"2024-12-11 00:00:00",1279
"2024-12-12 00:00:00",1261.3
"2024-12-13 00:00:00",1274.45
"2024-12-16 00:00:00",1268.4
"2024-12-17 00:00:00",1244.7
"2024-12-18 00:00:00",1254.35
"2024-12-19 00:00:00",1230.5
"2024-12-20 00:00:00",1206
"2024-12-23 00:00:00",1223.85
"2024-12-24 00:00:00",1224.2
"2024-12-26 00:00:00",1217
"2024-12-27 00:00:00",1221.5
"2024-12-30 00:00:00",1211.5
"2024-12-31 00:00:00",1216.4
"2025-01-01 00:00:00",1222.75
"2025-01-02 00:00:00",1240.55
"2025-01-03 00:00:00",1249.85
"2025-01-06 00:00:00",1216.25
"2025-01-07 00:00:00",1239.95
"2025-01-08 00:00:00",1261.35
"2025-01-09 00:00:00",1256.8
"2025-01-10 00:00:00",1245.55
"2025-01-13 00:00:00",1240.75
"2025-01-14 00:00:00",1239
"2025-01-15 00:00:00",1252
"2025-01-16 00:00:00",1275
"2025-01-17 00:00:00",1300
"2025-01-20 00:00:00",1304
"2025-01-21 00:00:00",1277.6
"2025-01-22 00:00:00",1278
"2025-01-23 00:00:00",1264.9
"2025-01-24 00:00:00",1244.45
"2025-01-27 00:00:00",1229
"2025-01-28 00:00:00",1235
"2025-01-29 00:00:00",1237.25
"2025-01-30 00:00:00",1253.15
"2025-01-31 00:00:00",1266
"2025-02-01 00:00:00",1264
"2025-02-03 00:00:00",1247
"2025-02-04 00:00:00",1282.9
"2025-02-05 00:00:00",1278.5
"2025-02-06 00:00:00",1283
"2025-02-07 00:00:00",1266.5
"2025-02-10 00:00:00",1254.65
"2025-02-11 00:00:00",1237.55
"2025-02-12 00:00:00",1217.05
"2025-02-13 00:00:00",1216.2
"2025-02-14 00:00:00",1214.75
"2025-02-17 00:00:00",1225.45
"2025-02-18 00:00:00",1223.95
"2025-02-19 00:00:00",1226.3
"2025-02-20 00:00:00",1232
"2025-02-21 00:00:00",1226.9
"2025-02-24 00:00:00",1215
"2025-02-25 00:00:00",1202
"2025-02-27 00:00:00",1208
"2025-02-28 00:00:00",1198
"2025-03-03 00:00:00",1174
"2025-03-04 00:00:00",1160.45
"2025-03-05 00:00:00",1177.15
"2025-03-06 00:00:00",1211.5
"2025-03-07 00:00:00",1246.4
"2025-03-10 00:00:00",1237.7
"2025-03-11 00:00:00",1247.25
"2025-03-12 00:00:00",1255.95
"2025-03-13 00:00:00",1246.65
"2025-03-17 00:00:00",1241.55
"2025-03-18 00:00:00",1239.95
"2025-03-19 00:00:00",1248
"2025-03-20 00:00:00",1268.2
"2025-03-21 00:00:00",1277.5
"2025-03-24 00:00:00",1302.65
"2025-03-25 00:00:00",1285.25
"2025-03-26 00:00:00",1270.9
"2025-03-27 00:00:00",1280
"2025-03-28 00:00:00",1274
"2025-04-01 00:00:00",1254
"2025-04-02 00:00:00",1252
"2025-04-03 00:00:00",1248.5
"2025-04-04 00:00:00",1205.9
"2025-04-07 00:00:00",1171.25
"2025-04-08 00:00:00",1181.05
"2025-04-09 00:00:00",1187.5
"2025-04-11 00:00:00",1220
"2025-04-15 00:00:00",1239.6
"2025-04-16 00:00:00",1238
"2025-04-17 00:00:00",1273
"2025-04-21 00:00:00",1295.2
"2025-04-22 00:00:00",1289
"2025-04-23 00:00:00",1297
"2025-04-24 00:00:00",1303.5
"2025-04-25 00:00:00",1301
"2025-04-28 00:00:00",1366.3
"2025-04-29 00:00:00",1398.9
"2025-04-30 00:00:00",1395
"2025-05-02 00:00:00",1422.5
"2025-05-05 00:00:00",1430
"2025-05-06 00:00:00",1418
"2025-05-07 00:00:00",1405.9
"2025-05-08 00:00:00",1398
"2025-05-09 00:00:00",1379.5
"2025-05-12 00:00:00",1436.9
"2025-05-13 00:00:00",1416.5
"2025-05-14 00:00:00",1425.2
"2025-05-15 00:00:00",1453
"2025-05-16 00:00:00",1454.8
"2025-05-19 00:00:00",1442.9
"2025-05-20 00:00:00",1424.5
"2025-05-21 00:00:00",1428.2
"2025-05-22 00:00:00",1411.5
"2025-05-23 00:00:00",1426
"2025-05-26 00:00:00",1435.9
"2025-05-27 00:00:00",1424.2
"2025-05-28 00:00:00",1412.8
"2025-05-29 00:00:00",1419.5
"2025-05-30 00:00:00",1417.9
"2025-06-02 00:00:00",1412.6
"2025-06-03 00:00:00",1405.4
"2025-06-04 00:00:00",1421
"2025-06-05 00:00:00",1442.7
"2025-06-06 00:00:00",1443
"2025-06-09 00:00:00",1447.2
"2025-06-10 00:00:00",1437.3
"2025-06-11 00:00:00",1448
"2025-06-12 00:00:00",1439.5
"2025-06-13 00:00:00",1427.5
"2025-06-16 00:00:00",1436.9
"2025-06-17 00:00:00",1430
"2025-06-18 00:00:00",1429.7
"2025-06-19 00:00:00",1428
"2025-06-20 00:00:00",1464.1
"2025-06-23 00:00:00",1456
"2025-06-24 00:00:00",1456.8
"2025-06-25 00:00:00",1467.6
"2025-06-26 00:00:00",1495.3
"2025-06-27 00:00:00",1514
"2025-06-30 00:00:00",1499.9
"2025-07-01 00:00:00",1526.8
"2025-07-02 00:00:00",1517.1
"2025-07-03 00:00:00",1515
"2025-07-04 00:00:00",1528.1
"2025-07-07 00:00:00",1540.5
"2025-07-08 00:00:00",1538
"2025-07-09 00:00:00",1520.5
"2025-07-10 00:00:00",1515.2
"2025-07-11 00:00:00",1495
"2025-07-14 00:00:00",1486.4
"2025-07-15 00:00:00",1488.5
"2025-07-16 00:00:00",1486.2
"2025-07-17 00:00:00",1478.7
"2025-07-18 00:00:00",1476
"2025-07-21 00:00:00",1428.2
"2025-07-22 00:00:00",1413.8
"2025-07-23 00:00:00",1425
"2025-07-24 00:00:00",1402.8
"2025-07-25 00:00:00",1392.4
"2025-07-28 00:00:00",1387.1
"2025-07-29 00:00:00",1416.6
"2025-07-30 00:00:00",1409.7
"2025-07-31 00:00:00",1390
"2025-08-01 00:00:00",1394.1
"2025-08-04 00:00:00",1410.2
"2025-08-05 00:00:00",1390
"2025-08-06 00:00:00",1393
"2025-08-07 00:00:00",1391
"2025-08-08 00:00:00",1366.2
"2025-08-11 00:00:00",1384.6
"2025-08-12 00:00:00",1381
"2025-08-13 00:00:00",1384
"2025-08-14 00:00:00",1372.9
"2025-08-18 00:00:00",1382.9
"2025-08-19 00:00:00",1421
"2025-08-20 00:00:00",1412
"2025-08-21 00:00:00",1424.3
"2025-08-22 00:00:00",1409.9
"2025-08-25 00:00:00",1413.7
"2025-08-26 00:00:00",1383.8
"2025-08-28 00:00:00",1390.9
"2025-08-29 00:00:00",1356
"2025-09-01 00:00:00",1355
"2025-09-02 00:00:00",1367.5
"2025-09-03 00:00:00",1372
"2025-09-04 00:00:00",1359.1
"2025-09-05 00:00:00",1375.7
"2025-09-08 00:00:00",1378.9
"2025-09-09 00:00:00",1376.1
"2025-09-10 00:00:00",1377.5
"2025-09-11 00:00:00",1382.1
"2025-09-12 00:00:00",1395
"2025-09-15 00:00:00",1399.3
"2025-09-16 00:00:00",1405.9
"2025-09-17 00:00:00",1413
"2025-09-18 00:00:00",1415
"2025-09-19 00:00:00",1407.6
"2025-09-22 00:00:00",1390.9
"2025-09-23 00:00:00",1390.5
"2025-09-24 00:00:00",1381.1
"2025-09-25 00:00:00",1374.8
"2025-09-26 00:00:00",1379
"2025-09-29 00:00:00",1376
"2025-09-30 00:00:00",1364
"2025-10-01 00:00:00",1370
"2025-10-03 00:00:00",1363.3
"2025-10-06 00:00:00",1374.9
"2025-10-07 00:00:00",1384.5
"2025-10-08 00:00:00",1367.3
"2025-10-09 00:00:00",1376.5
"2025-10-10 00:00:00",1380.9
"2025-10-13 00:00:00",1376
"2025-10-14 00:00:00",1374.9
"2025-10-15 00:00:00",1374.7
"2025-10-16 00:00:00",1398.5
"2025-10-17 00:00:00",1419.1
"2025-10-20 00:00:00",1467.9
"2025-10-21 00:00:00",1461
"2025-10-23 00:00:00",1448
"2025-10-24 00:00:00",1451.1
"2025-10-27 00:00:00",1483.2
"2025-10-28 00:00:00",1489.7
"2025-10-29 00:00:00",1504
"2025-10-30 00:00:00",1489.5
"2025-10-31 00:00:00",1487
"2025-11-03 00:00:00",1487.3
"2025-11-04 00:00:00",1471.1
"2025-11-06 00:00:00",1494.8
"2025-11-07 00:00:00",1480
"2025-11-10 00:00:00",1490.1
"2025-11-11 00:00:00",1493.8
"2025-11-12 00:00:00",1511.8
"2025-11-13 00:00:00",1512.1
"2025-11-14 00:00:00",1518.2
"2025-11-17 00:00:00",1518
"2025-11-18 00:00:00",1520
"2025-11-19 00:00:00",1519
"2025-11-20 00:00:00",1549.5
"2025-11-21 00:00:00",1543.7
"2025-11-24 00:00:00",1534.9
"2025-11-25 00:00:00",1540
"2025-11-26 00:00:00",1569.6
"2025-11-27 00:00:00",1564.8
"2025-11-28 00:00:00",1569
"2025-12-01 00:00:00",1566.5
"2025-12-02 00:00:00",1548.3
"2025-12-03 00:00:00",1539.1
"2025-12-04 00:00:00",1525.3
"2025-12-05 00:00:00",1544.6
"2025-12-08 00:00:00",1539.9
"2025-12-09 00:00:00",1532.4
"2025-12-10 00:00:00",1533.5
"2025-12-11 00:00:00",1543
"2025-12-12 00:00:00",1554.3
"2025-12-15 00:00:00",1557
"2025-12-16 00:00:00",1540.7
"2025-12-17 00:00:00",1545.1
"2025-12-18 00:00:00",1543.5
"2025-12-19 00:00:00",1564.9
"2025-12-22 00:00:00",1577
"2025-12-23 00:00:00",1569
"2025-12-24 00:00:00",1560.6
"2025-12-26 00:00:00",1560
"2025-12-29 00:00:00",1546.7
"2025-12-30 00:00:00",1541
"2025-12-31 00:00:00",1569
"2026-01-01 00:00:00",1572.9
"2026-01-02 00:00:00",1593
"2026-01-05 00:00:00",1577
"2026-01-06 00:00:00",1508.9
"2026-01-07 00:00:00",1505.1
"2026-01-08 00:00:00",1470.7
"2026-01-09 00:00:00",1476
"2026-01-12 00:00:00",1484
"2026-01-13 00:00:00",1456.9
"2026-01-14 00:00:00",1458.8
"2026-01-16 00:00:00",1461
"2026-01-19 00:00:00",1413.2
"2026-01-20 00:00:00",1392.4
"2026-01-21 00:00:00",1407.5
"2026-01-22 00:00:00",1404.1
"2026-01-23 00:00:00",1387
"2026-01-27 00:00:00",1384
"2026-01-28 00:00:00",1398.5
"2026-01-29 00:00:00",1386.9
"2026-01-30 00:00:00",1397